path,bytes,sha256
.ipython/profile_default/startup/README,371,638ec6b584245b2ea977392aca550d2fa7814993142111b04f15cf505fc10417
.progress/raw/block_00.json,76655,0df3e7de5e21784380bc1b00fe632b1e10d3393dd5bad96252ce340e9a67e79d
.progress/raw/block_01.json,43473,5967b34e11ff548221f474e9e38d518a6bd469aeab50079a930e94ec5a045788
.progress/raw/block_02.json,43446,2f9b6be67a565a75900f53e98f1ec9a5d805fc77c69d3b7b4746431f01b48642
.progress/raw/block_03.json,43476,4257566a5ee8688a3bc2435f85fdf049bcf8038c756b5289e5e760c736bf25e7
.progress/raw/block_04.json,43506,14a3ab51c9fd75fd0af4482ec1cab49956bba861587c4a0eae0a1700b087d5d6
.progress/raw/block_05.json,43489,5097097c8bd1b84cfd035dc892059a29f7786b04708ab4ef63fd64dc5379874e
.progress/raw/block_06.json,43467,fa2f7a83f9585db95c75dda0b54b0e7b4766057c0befe6b33ff3cebc34804df7
.progress/raw/block_07.json,43432,63d56a12e243a81a9bcbbe99bbdd10d455e9c1f86030a78ec3097ce56a941ad8
.progress/raw/block_08.json,43478,192133647a86873c029af7404da11144695fce7687bdc5ccd944d52d48c3cbf0
.progress/raw/block_09.json,43458,ffd70e9416b5f94f5679b6f123ad47e3b8a442a012e32fbb23641b2a1e5ff61e
.progress/raw/block_10.json,43472,e3684c98230fd3097a9e76011a66ef874701ba988d26ae310b586ac135c6b52a
.progress/raw/block_11.json,43494,78ae861aaed1c925a4e2f5292367805210c956c6f8f376f3379dcd89af94361d
.progress/raw/block_12.json,43440,598bdfad6b806486db31ad127f1c8978bf3668defa6d6ac0e6bbbe20112f9c07
.progress/raw/block_13.json,43479,b15e9b49dafbbfc30c3fa341437eac2d528d223a643d418e02640a1c865e3901
.progress/raw/block_14.json,43430,36d96999719f396a140bfb9f7f4fff58b9bb9746532de2983fe20723017c335c
.progress/raw/block_15.json,43442,da47801ffea55ed278117ad45f311a1d8e2022ec090d5e6cebbab42c058db911
.progress/raw/block_16.json,43454,0eebf9372a72389b1a5b87a36360f0bed799cb297a579241351acc7b8b2c2147
.progress/raw/block_17.json,43466,507e2161847be7f0815758fbbbd31c703664811e11b92b31998378e4d6a36164
.progress/raw/block_18.json,43474,76b638d761cb256a53c89b6b2068176ccc96a8f166dddc0550e0dc8c792ea7a7
.progress/raw/block_19.json,43491,ffa01c5dcbe06e6739da65302a1347ec3318f08d5598f651922a8dc9be9252d9
.progress/raw/block_20.json,43465,b75ea0a8ad19697c96f4b5711f476bcdc0bf3cd1078030ba8edee9db72e08309
.progress/raw/block_21.json,43464,3b6cc6dfb62062013511c9a6a78b4569d544ee9f191b45421cc5d005d0170eec
.progress/raw/block_22.json,43468,f17128f64d2acfe3b84ae8eacbf37013757017aea68c399e2e2908f02008c18f
.progress/raw/block_23.json,43492,17079b6cfee60e05ecc00133480c4e0a53e4e5a33570a70ee7b8b68ea3193b89
.progress/raw/block_24.json,43463,7f9d6dd3c62101d69b276bf75f9b7d6fd3885752c62cfcd1799e68cf12e792d3
.progress/raw/block_25.json,43484,74a5cb8fd95fad0077f148c2c0dd40939302559a0f67bfcce6ffd9a396a59951
.progress/raw/block_26.json,43478,7065a0b237f424e87b2ecac85cdb066b6a8bc3250fceb735349f3fa9ba6fb840
.progress/raw/block_27.json,43453,8c1546bbf28f238052d5eb8e840f1d65b1f37d3a6644ced40449ed5a99e51257
.progress/raw/block_28.json,43454,617fb991da175da7bcba96ecdce86e12e75c6943b802606e4bcb965e5c28c8e9
.progress/raw/block_29.json,43499,11c6ddd255da26a27e23530e03fe7ef762b5c2ff268e66e142661bf8db232721
.progress/raw/block_30.json,43483,47499e8fde4ce4a283da98da4015a896ab5f2541e424730108f68a882e5e5b7c
.progress/raw/block_31.json,43471,b84d34960fb67e95cf18aec966023e3d0e3675711025f3c4f8805582ffd18050
.progress/raw/block_32.json,43460,b401df8ed5225ccff8a033cc7e4ea0a7d214f2675f9200ccdbb3f3134dbf36cb
.progress/raw/block_33.json,43506,7554008db55acda39637882e75bc43c01d0e00c394612a6b7b0ae3e25dee1959
.progress/raw/block_34.json,43462,220618540b148bb32e5d6583fe4d1014b3e99ed398324da06118037a08729726
.progress/raw/block_35.json,43489,df787862fe817957f4f0f1f40b1cbe8b0d17a3ae39d842d97a95b8b321d8e1e9
.progress/raw/block_36.json,43458,5bb5e931588d180eee92f5ca612c76f09a1c542ec9b262f4b5e86f5621cac0b2
.progress/raw/block_37.json,43493,320f18446f10cc67296932fafe2054e8c08d2c6803deff9574b06127fd398caa
.progress/raw/block_38.json,43468,27a1badb1233d242d4f264a2e1b378ba48aa71c7bb2f291ed6916de9efc983fe
.progress/raw/block_39.json,43471,c17d49b1b8f5e4529a090bce9af5b4225444ffc861f68141978ac9d24a57d430
.progress/raw/block_40.json,43473,b345c78923de8f8c47876a2d55ffa3ef7364ea2bb9b034af4d07ab99399ca73e
.progress/raw/block_41.json,43451,92a7f3409dc7f1e863769d92cbc7c029eb9882d1d04ff0d95d180a8d1fc6e13f
.progress/raw/block_42.json,43468,d438fdec8f2407a49d1bd7a65804b603215c718bb690c116900352af4e52d3fe
.progress/raw/block_43.json,43457,95da3bfc8a96cdef3127c2b1e99e36322127022e2a70a1eb5dc22a8be47e2c72
.progress/raw/block_44.json,43424,a9fa1b819e5dc9e3f449938dcc31338b6149fbcaa85bf65f2372227070ca79ba
.progress/raw/block_45.json,43484,9c123852fa4af411f29bca9910f5a0062ee1495abde208ca5e90416d3cbd1d4d
.progress/raw/block_46.json,43479,bbb5130f45c2e6a0c50e0480b25b01313ac1e5de738b4b096da06559c2adbae0
.progress/raw/block_47.json,43422,801a458f0901d6a6ffb40c867163fa5886a9d49bd820ebeb8a389568cbfb4e5e
.progress/raw/block_48.json,43458,13196ae754a2ff5bc6fe5763d3f63bf276d1dfe24d5e68652ab0ea85fc28cffa
.progress/raw/block_49.json,43452,845feded2dfb1b5d6aa136699fa98c45671a772fbb15c68a3e323e0e2a6a4206
.progress/raw/block_50.json,76856,a8786d8bb8ff0e3ae6b21e5c106daff0e41971b3e3ddf79a1b17a3fbda62a6ed
.progress/raw/block_51.json,76859,bf8d99ee592d48c748a1f89255536e066e2b8bee993d17ad855d9bd2e8ed332c
.progress/raw/block_52.json,43438,dd62a672118a689dc282b702931e20b83ae61631c70411585a92fa121343448d
.progress/raw/block_53.json,43451,62230ac5360daa6a0c15a1020b5c993386cf9cbb5ad37c4e9280f8fa8870d074
.progress/raw/block_54.json,43456,d4c5f7f9a801bcfc58094d47fa21c6d0eff9e0c55cfaeffd110deccc33bdbe51
.progress/raw/block_55.json,43478,374904c394700fdd937b8e102f861c02319f735dd73e2f79e31015a7ab750475
.progress/raw/block_56.json,43447,0be58450069d4c4c25d10acfd314b7f40d0a9e71311c5eb1efc31b8e7c5b211c
.progress/raw/block_57.json,43463,0351254e197d9249b0f64b588e177d912d55d96509a4543707701e70582ef7e0
.progress/raw/block_58.json,43459,b070b9e1a69b9190449c54632820a763bde45022ee1941a54679a9ce84e07ad4
.progress/raw/block_59.json,43446,b95f22f34f822cb78d68ae91eea79e5678b4424716cc9905556d9ab8f0f0aec9
.progress/raw/block_60.json,43422,5da35b2b1d83e9581809a0f5803f5e8edf11d89a9fd231277adb27aff0d457da
.progress/raw/block_61.json,43448,e42143a11b0472122982e3a19a313434bbb134a11e8cf2f2901d60626ce66605
.progress/raw/block_62.json,43469,f6903d5f5a54d0e173ddd8bf19ea3aa4722d8ff5b29a4cbaae7bbc2581c7e480
.progress/raw/block_63.json,43438,2ff9d552b67b3ab5b55bc08a3ffd0d47ceafd72ed6d5fa9d0bdcc3c5d6fbb8bd
.progress/raw/block_64.json,43470,1d8bc57cc69e1fe454741d7c641f896c0a85acba8a79d0fb686874ad9acc1301
.progress/raw/block_65.json,43479,995690259f56aacfa5f2abe1bc3bc03efabe83ee224b131cd857d198527cc5a1
.progress/raw/block_66.json,43452,44318996ed05c7c6ab43c98accc4c550b7619f3203396c1d57f0e11384594101
.progress/raw/block_67.json,43462,bf510c44c504093cb38050d3c578e607a65e0464b01e17382ecbbfdf94afc19d
.progress/raw/block_68.json,43466,9bade1246b64ce2abbaf38196a0cc2f23f46f1ed1371d468f486a2d875a51353
.progress/raw/block_69.json,43451,b4451f208df2c49485f557c12a7f362a1906bf17cf7c8c2e0f1afbdab08ad275
.progress/raw/block_70.json,43447,6826bfa8614ce9aedd107b9282a57ab1b9289a70b02cc8e1e693a8219575b122
.progress/raw/block_71.json,43406,46e63f7c81d4342376e8e5e38b87717a5d866b6c2620a50c72504d8b62d9a331
.progress/raw/block_72.json,43443,b3d8abd3e88dcf3e9924ad5c25582bd8368eee2201d12580e00fd1c412f603fb
.progress/raw/block_73.json,43456,4d368775779099c5a156a09c9588f8fb26d8a132513df40d13166850c4216af6
.progress/raw/block_74.json,43437,0ea5316b0361a677baf9635274a10154ff31519ec00cffe95013c86e9180c290
.progress/raw/block_75.json,43438,7f1465b66c93aab5adf4e350f02fa2dd361363d4771bba641e143dd4bb910111
.progress/raw/block_76.json,43430,b892e45a43ae6c8012f712bbb87eb24af5f18c02d638f72991504a7b7ca09189
.progress/raw/block_77.json,43426,4197c02544a61c6272a9da73edae2d6b212388ad27f6742641488a2621c5f674
.progress/raw/block_78.json,43423,03cf16c2ceef45d0df571ef0de18fc71f25e1b06c400c2ab42cdbf9cb8e7803e
.progress/raw/block_79.json,76836,e6db24ac383f2d16e20302805d8ad20842c07544b18e50aab0a9ff5a30723d9e
ALL_DATA.md,5602,b52a5f4d282e1b0359a80b27bae6b82805fa2de4d4fb6bab2775b62942dadb45
ANALYSIS_COVERAGE.md,3331,0113314bee787cfc332b78696ed92aa3817fa0e9916b3aadae4ab0b063a630f5
METRIC_DEFINITIONS.md,6392,f9b3a6efb0c16409e2ab8797593cf76d2e6bebcca4ccfacf18d3618f166c36bd
adjacent_raw_matrix_changes.csv,506084,69dd0979dc14dac3eb00ddf9debf250ab8eb46e6eebcde9b1a02b100fdd75eb0
adjacent_spectral_transitions.csv,191420,1d11689b1f4d45f94ae7b83955c61bf874cb7c33f8df2db173b7becf9ba3441c
adjacent_subspace_turnover.csv,594873,de1d2c9399152c276cb1ed4e3ba3c90cea0f70e4ffd8b2c687ee3ac9eed86f70
array_catalog.csv,1009840,a8806a60b0d6e901d3ea40784eb15551ef4f6e35f9fe61d54d409c559fe930e4
artifact_inventory.csv,58962,234678b74f7bed7ba7fc0c142b4df325b0f8f4f53d8dda8315d69383b0e7c874
attention_head_distribution_summary.csv,957015,1959dc86a5692fa2590ffcd6c6f2c60e6c18515c89033c902c6869f65848a99a
attention_head_permutation_geometry.csv,44204,fedf687f138f711625b01920a0f040db2413721076f40c123c64bffb456c3af3
bases/block_00_down.npz,2264988,06e09347bab0a53a855c094eda5dc0078c0ba70f3aea465a763a1f4ef0b416c5
bases/block_00_gate.npz,2288998,461225bda1fefca09453e6db7ee9d9e00e065393dff4914d797d24d7cb962a17
bases/block_00_k.npz,1230392,ab6f0f69f9a12c4a3a29bf7031312782cbf7b7c5113ee7065db5ccd4357a8c27
bases/block_00_o.npz,1221384,614e04f5335e9b3530e1c78aa0847eec8ee9b9767451869ab2747b873e1e3d1d
bases/block_00_q.npz,1229874,1e01513929474e2a0d2be63bc3e546b64c1b83ad5fa8b8f16e42104ef0389c3d
bases/block_00_v.npz,1228718,7d4b0dcb4a786e146e7766d742008b9dd8144ae6bfc740362752d1c0b9c18274
bases/block_00_value.npz,2280193,ef68256b1e541d60f87846d0ba4568ec1e575bb4d9d53d23a388460706b36d0f
bases/block_01_down.npz,2265367,11775b9608de7fb96d8af9ccb22607d68dbece443acd8a92477539c020848921
bases/block_01_gate.npz,2289370,d771bc4d6296116e6511f7f7120f19d4a7e61c69f84764f4902bd0618c8d6736
bases/block_01_k.npz,1222185,9f0bfb7ef838a40cb2edb9689ea3f0d75cc14f43906538f9afdeff1eee1a4cf2
bases/block_01_o.npz,1217665,e6f8cd67b420d1aa52d6b88bae6e3529abc35120b557d6996073994236e6917c
bases/block_01_q.npz,1222921,0b1bc81fa678a7c6fcf2cf09b8afe45bf8a1a4b48fad1af5137e9d227ddc937f
bases/block_01_v.npz,1223936,134cb0ad75b9776eb384645e622fe0176f3e6b5fccfe0415e35e592eca65bb8f
bases/block_01_value.npz,2276437,018e8d4d2f4ea3525419975ef920e1fc9888b92e4b62cf4a8cd6e42872a3b223
bases/block_02_down.npz,2260479,0c915cf2b35a8e867a3637050034d36ea6d92a33ab851d2ac58d63d7196faaac
bases/block_02_gate.npz,2283937,9f67dc96483c476fdadec2e60f81a1f8931e7c18cd9a0e10542961814b125c29
bases/block_02_k.npz,1220845,4ffc42204237a4592a359049310a3c330f44c79b2b3b6a6b4d799ea406b57a07
bases/block_02_o.npz,1217812,3523ede672b4875eb9a96999d1f9b88924ebe741e7882ab2155df8994ea82660
bases/block_02_q.npz,1221264,3d039d0ffb9c434ebb7ac88e4055b8deac4a1cb6a6330423c9e98338442267d0
bases/block_02_v.npz,1222306,3507ab04cc43ada7ab29aea7b3b3a0ebc9b2d7087e5a0f6853baaff9f4791b13
bases/block_02_value.npz,2272347,7893c43e2323f9f2c312b7d83156170b61964c22fd9d3e6b61a593f82e8f68ef
bases/block_03_down.npz,2259537,55021c9279f316fb9ab7d725a1b806113dcf45a87f645c4621fd19431e71399f
bases/block_03_gate.npz,2282766,6d51a5088faadf2d64907e64dbbf9f153f09c9038636c8c64d72cb2ca044226f
bases/block_03_k.npz,1221818,30ea68217490ebb78a37d85c6dbbf6f92524655eeccb3e2e6fbecaaf96823c62
bases/block_03_o.npz,1218273,c2bc380a9586b66ef41aea410aba7b566de6eb1e486d6a05bc5746166adb5dc1
bases/block_03_q.npz,1221704,83b62c19f26ce5725d1e381f36098a2f166af06b9f1461258ae9ce579a436230
bases/block_03_v.npz,1223773,f1a6fedc5c77113fbc426231c43ad375c6698600934fae41eaa3f68b6d4ee681
bases/block_03_value.npz,2272087,aeb2c697d1a67f049151f99c4cf515ae88a313c7b2903a9aa68bbc38c28bdf9d
bases/block_04_down.npz,2271185,116f7c075af8e414717e4950a1484485c24c26fbb96b43d65e3039c5f0a8d836
bases/block_04_gate.npz,2292430,a3df53574930a543ae7ffab8a784ee2b95b9703048d0edd5c53e4544e37a452a
bases/block_04_k.npz,1221983,19e00eba9cb558e6e81bba92ff4acdf23dadd4c0d3e24ae2255cebefe3270a5f
bases/block_04_o.npz,1218039,5912d9b7c4369f57b1870e87863d211cd758e530031a7f5dfc891f1b7e64f42a
bases/block_04_q.npz,1222085,d8a416da73f35e41f4defe4b0bf59e2745877235184b531e9a3f28e307fe97b5
bases/block_04_v.npz,1223814,ca3765e0ddfbe57bf36306bc4052346b1f2b417d670a833e0b36bd772e4ab6d7
bases/block_04_value.npz,2283344,0c56773d05a1774fe994bab24eb18bc3dfaca1ef478c79d58f2ebabfc1e03716
bases/block_05_down.npz,2268938,8a0914c27eff2f2230ea5fc6b2437e22a76a199dd8b52f6e1f7b0a09fccf4387
bases/block_05_gate.npz,2294243,8b1eae525ae76f363b6d8ae4f9d40c436f2c8dd3cff31136a793713fee39367b
bases/block_05_k.npz,1221681,f6042aad0633cfa29d9ddd40839a73b3636bb4b1b9fe7973e0bb2051bcebd11c
bases/block_05_o.npz,1218369,db797a15c9e195e7fca5a326500b31effedf470e5ff64754dbb47d7e9f132f81
bases/block_05_q.npz,1222452,2a33215ffa47b19f508f4320366437c326767d81d04a14bf789a97c3950da6fa
bases/block_05_v.npz,1224031,4fe680df44e35a6c6758055a60dadefa2ae797ece22ec83a61de5598f284dab3
bases/block_05_value.npz,2280508,f6a4e336ff9da7c122029040e49ffea7f9a4538109e90a570d1ee632e4559205
bases/block_06_down.npz,2267693,33bd58e5fc483d16939806bea82e5fec40e69b604adae7fe34c6f08baae532e8
bases/block_06_gate.npz,2294252,afd3deb8f2fb16e883ec5be4e7a000b15631e291337b2612a69497bf6292dbaa
bases/block_06_k.npz,1222297,165ed024eacfe437c434c20fb659a833c25e344475b2493327b9c36fbdc0a986
bases/block_06_o.npz,1218138,61a9f3820b64587a9c16cfb134f87896dee0493a0035c73579897dba1e88a11f
bases/block_06_q.npz,1222576,53021bcbc56d9ee44b44b449f752bf9b309cff40241e1150e8e17ff377d63a69
bases/block_06_v.npz,1224143,8659b1191596bd8eea1747bf070e650f8fe64c872a5f57cb096ad93ed84611c3
bases/block_06_value.npz,2281692,776556dbb694107f1b53242dbab94e9ed3dedf7fa55e3a1cabde6abb679c0cf4
bases/block_07_down.npz,2267709,087941605bc101b52d4c0e603d442bba69aee76619c9119fd484a85e88068351
bases/block_07_gate.npz,2283766,e44199d4d9bf2e6433396695ee455c12a4b341af713408d85facf327c04b904e
bases/block_07_k.npz,1221827,801a23f8777464c45cae5ab0864cd8760c14b4d9adf1872cc558c02d839ab40e
bases/block_07_o.npz,1217990,239484c37b73ca3c3745c6376c258df7fc50ad4d3ac6614ef26b872e5aa44797
bases/block_07_q.npz,1222646,eb687890f77edd67a5431ad52f632e43172593316448b189d9c2ad186348b20f
bases/block_07_v.npz,1223549,4c465eaa88395f15f35bb5c9ebf86eccd1140e172580de84f147f778063bb0b7
bases/block_07_value.npz,2275982,ba26994bdec46d9ffa51a232f807c80fcdd83402c96e96123e1a9b82a7f56b2d
bases/block_08_down.npz,2266847,9bc7ca5d23c5fe34f40a5d4731f02ecbe501c3cd631d7a3d70dd7ab9b77c4cc9
bases/block_08_gate.npz,2292549,fcb06b4b105480033d17d6406ce51b4ef41d62f9668c8e5e4f499a757af41513
bases/block_08_k.npz,1220963,6e7884f3c6ed3e4d801390a1e76948cc4f9766f643f9dbf0cd38226ae40e7ea4
bases/block_08_o.npz,1218761,6ae847174d378e678a5c8d5a883197041eccf87bc107b8d1f29192dfaf4d0842
bases/block_08_q.npz,1221407,8ec7f7b52b5757417faf39069d9ccdff155d46579c7126fe6194beb12df95978
bases/block_08_v.npz,1221816,8a0d8e87f5bd0222ae9af9d765bef41356c2a96e3e9b5dc2bddc4a5ab029d3d5
bases/block_08_value.npz,2282676,a6311e4db790d2e6301679e5469c7af2cd0b60e510edb3b61ed2b6b2efc16324
bases/block_09_down.npz,2259404,4be0ccb386ac7c2ce74af0c39b039d9951e9e36e9266cf2a13e5045e55639527
bases/block_09_gate.npz,2272297,31134772f962ba5b9aa1cbc2b8de53bd968f97ea7a6ab7e07742d3e96648b586
bases/block_09_k.npz,1221514,035a2c36120047fe61186fafa0066de85b6c0f2d983af5ffaa90d009c12b667d
bases/block_09_o.npz,1218406,2cc3ec4f800ff89d3b112b58455bc4f6ea8db898ff237f6074664853c8f5c986
bases/block_09_q.npz,1222402,727996589e4dc99a0470d833b53d2745b2f6c1ebe9136d7cc69f3e20ba33703a
bases/block_09_v.npz,1223629,9e8018b9bbd156942ecaf52f67cc4fd65d15ded9385167c07724251df8f18a77
bases/block_09_value.npz,2263765,c09ab8c46678e691ddd1875fa8d926b59ae49489c29b72d8b93d2faad1fbdedd
bases/block_10_down.npz,2261323,f8f70d82549f7b57dac39ebd28cc723aa05a4bb8720920ab427fc61e220c9418
bases/block_10_gate.npz,2284493,3efafb5d040cd7c320fc5f38d274e83efdc157356d17b79f6f0c2550cd373c48
bases/block_10_k.npz,1222260,469007acb6494f39c920df43d9e33d9d66a877b5c5ddff953147eb30f9c0e41f
bases/block_10_o.npz,1218007,4c5f5ebcaee1c674753dfb8b41f33a7977aef91528970583c573b57af722ccfa
bases/block_10_q.npz,1223433,fb95d0e1128648c3c277045561cbcd10888967522817b2a9b467383160fc2018
bases/block_10_v.npz,1223092,7a6ec732c621e03a2289eb20651e5fb7ecf52580521ffe328ea56d4f44fd1a0b
bases/block_10_value.npz,2271071,71bed77c8f1639a66e7bdf1235d75243f80a8d0c22d2f5257c0ce69aaa815a01
bases/block_11_down.npz,2262476,dd4b48ef0e6b87e1c0ac5e11749ac56b68251cb0fe8b1f34aabd5ee5fc99a1ea
bases/block_11_gate.npz,2280233,110e511867ad48e3e118a35914756fa36b390e1a355666a73a9962ae585e3d74
bases/block_11_k.npz,1224529,5ffc6d2d20bce4971a60b62eb272bff197b5b7676cb11f4d3079f87a87bd516f
bases/block_11_o.npz,1217596,0e35b710bb940a70d20efc83b05ab660ae93895088995c8cb07607a417f555e8
bases/block_11_q.npz,1227280,d45478540d40916ccc33875353db2d15e9fa1c8df93e51a9948118dddd7eac59
bases/block_11_v.npz,1224216,c4c0823c6953ed27e8d97a2ee1c365ecd165e1d25a6524424699c17d7fabc7f7
bases/block_11_value.npz,2267928,8144ad4c420d800d2da6cac2b302cf259b7baebf28b4ba312aa3f53b871eb5e3
bases/block_12_down.npz,2253489,7e76984dc740ea9745a86e0f894ee256041b69e08447c50c31872d6370a363f2
bases/block_12_gate.npz,2271102,d5aa10149ababa01d00d3080a3eec13ca11a2c59e12163af0ff78f6be4e0537a
bases/block_12_k.npz,1223406,76389136856106e3336ff17e41b5e940a46ad5c7a709baa417397c7f0e64dd26
bases/block_12_o.npz,1217504,fc66a5d9d86b2b2b8ac3aae06fabdf412a02c8884ad3ac8713e021e9fc1de8cf
bases/block_12_q.npz,1226775,b37099dbd7618733b6a14123f2b8fa93dfd27aeeb2425109277dfe01535b5c37
bases/block_12_v.npz,1223165,6d7fbf6b9d75ad938d28712e37361e15a4e3a65d3a1e3a84ebdfc249d9cd883c
bases/block_12_value.npz,2260174,9435e83dee886a5cfb505e4ac772c6755058ec236308814754032f619aa73e38
bases/block_13_down.npz,2258327,4b1c83e988843b8a1fbd576dfad12b0149e3b707d976c1299e618a390fa16ba1
bases/block_13_gate.npz,2273263,174167b8438fc035560e770713bd642f5c3e0fbfcbe63304f94db365d619b40c
bases/block_13_k.npz,1221712,55398f56da431297e08d08683de72795a338a779b17aff3ed2b6dcbd9c9dc38e
bases/block_13_o.npz,1217444,33a6138638f760d47fcc315476efb7d2bc19b801d503eeebca8ab845f62b0219
bases/block_13_q.npz,1224101,2d441237d60b9398ddcd3362417408676bedd4deffa44d70f7ee48614a839ac0
bases/block_13_v.npz,1221460,492876912dcb49f6651088ff15cad541c5e1e149a356e8f1108d26cfa8a2291a
bases/block_13_value.npz,2262077,50d745b32ba446d405c21fafa005fe4d4426fb0f06016d326f9a9c78853e736a
bases/block_14_down.npz,2258533,dc292d4bc7ccbe54f914d21c8592d82305f047bf57580c9118aa9cff6a0509da
bases/block_14_gate.npz,2273350,8c61ac3e417f7aec858562cb1d7ecd5fdcf04b93666558d0878dab112b1c7407
bases/block_14_k.npz,1221890,c9d028ea210f924b18c718b1c7c29db72ee68210f884f88ccf3d6f312978952a
bases/block_14_o.npz,1217753,df9f0bbdbcdd5f21f1938488b34a2bb5074ee03805b23b0eda12c1b01a7d4920
bases/block_14_q.npz,1223759,53b3cd67fbd51c91d11da84d68638551365ff651540b28e3d3cd91c812bf000d
bases/block_14_v.npz,1222101,4c466ad60554ab0b93168e26da8fdfaa69c2685e3a48ac72d8a9cba73848e190
bases/block_14_value.npz,2261327,97bd705a29c525653e7b7965fca1a8fe592d759b3a534514004670b3ac9c16eb
bases/block_15_down.npz,2260515,1fdad87e731d155413b94ca99edb24b5fa193be9f1e56679726e0a7e67fbcd7d
bases/block_15_gate.npz,2271503,4e530a1072d13217c7426fcb5fe75bb9678fbe17fce8bab246f6fe5a6b5bdc46
bases/block_15_k.npz,1222407,28cf3157614fdbc825ee3984b0492b446c483828d6b3c9749d500cc32ed6e23a
bases/block_15_o.npz,1217618,d5ca2efa868c0a9467047cbad7d9b96c232c998b088f6b250fdd3a8a0c6ea66a
bases/block_15_q.npz,1225859,84bcce8043716449708e431d1717982656b95a8397c7e785f1450b02a311f71f
bases/block_15_v.npz,1223857,4c5c377fd6dc848b7838d189d917dd118e86b59344499ac807f0dab0f95c0300
bases/block_15_value.npz,2261826,a5863e4216606e35af80091bd65b7669bde0811dc3afdc3f3f8da5b4a2023333
bases/block_16_down.npz,2263406,bf33fcb15a2bed4feac8099a1968f18bb7a1a92ed6c4e410f531848b5de13eb7
bases/block_16_gate.npz,2275321,4f262ccebff08801098df3b660397a386c3bc0d702c8824fb35b10e6f0124e0a
bases/block_16_k.npz,1220407,b2d87eeaba35f678099ecfbdc4d2eb4a2ab3ae68c998246f04cfe836e131c223
bases/block_16_o.npz,1217266,40e1c4fec3798dd7e83fdcec4d5ccba5448e00bd9417d380db147783b70b5eb1
bases/block_16_q.npz,1222257,2ee924a5184bf570b43f82621cef1a10b1511d047a22a9a1ac37d9c6e53d2687
bases/block_16_v.npz,1219820,ce82b2705227e36ad8360e6a284fc1de3a5badd9159707c866f0f2f3d165b778
bases/block_16_value.npz,2264730,62d1d34af940feac7c940bdec547bde54bfe52bd61a4a07ffe3004d3edd88743
bases/block_17_down.npz,2263222,118f7d876ce30e39f62255421bf754458a9a8642c261f7c7a91c34382594229d
bases/block_17_gate.npz,2278182,2ab93648db5df1b46725cde0b779cbe73d69f878065c2f42eaf90562394fc595
bases/block_17_k.npz,1219976,927a5f0365d03deebd7b1e075f855a46698f527865bd6fa3b73f5961d525bf36
bases/block_17_o.npz,1217452,3cb1395968cc2480eb296c5fdeced70b8cee0d5ab660cf9e8dd71acb490cf859
bases/block_17_q.npz,1221908,f47c77009923a403cbf0f3bf6a7a1f8ff0bc5f49bbec334c2770f055fd30b104
bases/block_17_v.npz,1219592,22151306fa34041b3297cc52fddaa0541773ef347c89fd24d7e0f4a038ee409d
bases/block_17_value.npz,2265830,22810780690464f73d9c827f0c384fe16808b86059791e265aa471314a29c189
bases/block_18_down.npz,2266086,15429e8e7cb794fe6796a793a8a03b2c6f01d49a3f73356c50b27b468f03a347
bases/block_18_gate.npz,2278525,5fd1f39e69f8cf06c21a2460b6817141f6d8d24a18dfc5d4ac380a7bcf96faab
bases/block_18_k.npz,1218940,4e8d17da6c6466c29711ff29dfac9115f838aaaaa8bb30d0654064d2f67c252c
bases/block_18_o.npz,1217357,40be9003cf3ea934ff47dd92058368d1693c0e4eebf9c5e1063397b9fe8369a0
bases/block_18_q.npz,1220494,0e6b101ab425d524357e4515be6fff2d20d7940b9449c1aafac1b06ddbed9c9d
bases/block_18_v.npz,1218930,f857af664585a41c17d8956b451db312dc07e32da6ce0283d174bb6053fb3ee8
bases/block_18_value.npz,2268147,7a7442263d32e4bf0c2c24272752f577c1d0b7d9620c4f38e62bcf7b114b91d0
bases/block_19_down.npz,2269255,a98859f20cde3f6dc197c344e858e0ef23e9b61046868b645c8f69b7944ee234
bases/block_19_gate.npz,2279393,e045ffbf6f4b478e0b8d004791a06da98d2925f4b0b27ddf16c86d778894a725
bases/block_19_k.npz,1219074,39c93744bed129974b52a30d8ab0c2ed4142fdbf0634c0d4074a572982d63e29
bases/block_19_o.npz,1217398,de5c03b65c5d71e110a6e460952646ba5032b47729bce8dc779be8058ea615cb
bases/block_19_q.npz,1220639,b1e5643966eb65f63579f28e0423af201171f3c221f1bb245ced34443817a9a8
bases/block_19_v.npz,1218462,dfa24e9406290119ab246a16a651896725aa3ce3847068edb534a6eff52e3758
bases/block_19_value.npz,2269118,085d4d96f08b413e29cedbcd869ededc47b83395dcccd8c788c6848a59a26f2e
bases/block_20_down.npz,2267781,c22f269ca62d58d31d3ba97bb18cbc6254608ba8112e45f2facf3e3b7436a79f
bases/block_20_gate.npz,2277486,2e1fd3c25932efb26eaed4877bb7c119cb52b7b4b62cb3623a13626c1a6c8706
bases/block_20_k.npz,1219124,91b22dfb8374f3deed9382d036c0ff9a593bcdf699d9312c5626e4f4e78a74ce
bases/block_20_o.npz,1217793,5009f35c67b13d8d66150f7275778a1452a346ddcf97a49215411a49fda87bb1
bases/block_20_q.npz,1220793,96a5a470bc4e8406692fc3c0fe22a8773a28cf4f614c326c375ef5693f4e8274
bases/block_20_v.npz,1218563,0e9a30b153f6d71b26d7a5b6250a425490c1df7fcc420e208a533063c9ef1056
bases/block_20_value.npz,2268560,372bb576d6b6a4ac7a0e772bdc430bcb79c4de8a388a7179325b3d14389a249a
bases/block_21_down.npz,2269769,20007c068332c59f07ffb6f90e404f16c6848583135da5464867d3c58461b078
bases/block_21_gate.npz,2278815,c7190dff212e57532aa1e920054ed14ffa056ec23182971944492d747f0085c2
bases/block_21_k.npz,1219123,beee980b20c6771cb4c9c7b8ffcc4e6685b077d9f85863b93ffb539cad7a5a6b
bases/block_21_o.npz,1217618,e64ea0ab0f2dc723afb99dce42c63412d930dddc9ec62c932b4d6d0a65ed18b1
bases/block_21_q.npz,1220232,9fe840e25169fadc2c7543ac47050fe62af05bdd9b0fbf99afd03377e78f5217
bases/block_21_v.npz,1218517,a9a95e0f2a524d8cb6f1c6df6cac4830dddbb13d9bde3a2fbe4083061d352bde
bases/block_21_value.npz,2268923,3d1cc40feb7186262b65deb41efa3fa61d4f148544148097b948aab0022bde8d
bases/block_22_down.npz,2265519,42e5f2c31e4480abef3a9e43624facb62617db05eb12579c57108aa68be00bd8
bases/block_22_gate.npz,2274464,80e704d1b1de1647acd97d78beefffb682b3e4d7222a14e22d1371cec86c5cc2
bases/block_22_k.npz,1219781,2cbc737eb066c815d139d6cf1cbff06eaed4cf46bf1b17863a901e3a013dc278
bases/block_22_o.npz,1217554,fccbb31c59e33c42ae8331078ff195d91ec16d95dbde865b0b78811abd896b50
bases/block_22_q.npz,1221901,642e1810ccefcf7a4d204ccd3f5bcc301ca53c7d0c421d495d8e42057548da45
bases/block_22_v.npz,1219138,ccd75f4b9062e4eb3b25f903d550eefd62699e10f11dec38695559eecd335d7d
bases/block_22_value.npz,2265648,23925491f8275ba3443a046c52650df77ac3674421da4166b335985e01f5d68f
bases/block_23_down.npz,2267854,b6efd092c7ded034747ab8bcf0b940ab290d7df48761fc18eb65a2a5d4cb6f2b
bases/block_23_gate.npz,2275574,6ee9028210ed96fd28508c1a3c5d5743de17dacfcad0942dc8cabf1c322e9744
bases/block_23_k.npz,1219792,f9607846e693fdfeb815646189a5549d6145cb94fd43d9a93fb44be12882dc77
bases/block_23_o.npz,1217773,9cb931330cded10e6623726917842fa39c75f352c1cbd050923bab5dcc981056
bases/block_23_q.npz,1221395,163708a0454f86cab0a885367369d0ede12e98d5d131bd047bb6cfb82874b7a9
bases/block_23_v.npz,1219629,41b56e05d9f668f4e51f9e5f07c415271f51529b26785fc9d689eb9a03f9cfa7
bases/block_23_value.npz,2266155,30833a9cf86878e24cc24dfaba3fe4b019a98ce8ec7157462083c3fef0e98fdd
bases/block_24_down.npz,2267886,1285ec1f0f6332bbcd9cc57a5fe0402d7ab917b988a5d30b0b39b5071fdc7920
bases/block_24_gate.npz,2274872,3fb89a373ac5d735e9cf980bbc2eb4358d0a4e59c13519a5a47f0eeb299b79b2
bases/block_24_k.npz,1219229,83b7799c990867d0458f20a8c44ad0610c4cfbbc1922affb06a6aee18c305146
bases/block_24_o.npz,1217957,497e43faa5f273ccaa7d53e63d295f3978e80039f705e7345ba15e87099835ab
bases/block_24_q.npz,1220187,323c46c74e085e1c87374a073e5b0ef5d92d15a4d309d2b7aba45ce96e16fa52
bases/block_24_v.npz,1218618,481307b7edb84c4a6e64435ff9fa069284b286f56759447d6d1264142f6e2a14
bases/block_24_value.npz,2265461,189273de89f3e00f3ce83eb163e2d1498efcc9534c65a1ec751c2a484cb144ad
bases/block_25_down.npz,2268033,aaafdc68aa1e861dba19ce2ed0c25cda2ab1cc93dcda33f9bdcaa4d0b296fb29
bases/block_25_gate.npz,2274255,ff8e46615092af35303e593946069c4118bffdf24208dd229738f319ae5d7f53
bases/block_25_k.npz,1219655,11378cc5e06252c5678179e435d9f49b4d87e50ec4ed66dd934d191076a97b4b
bases/block_25_o.npz,1217799,cdc4acac9c81548a129543d6dd57cebb26a9f0c835f4564fd9bdf0b62022d034
bases/block_25_q.npz,1220338,1a4c122176a7742e22d727f479a4b664cbb4c09acbba839fcd7ff5a151a61351
bases/block_25_v.npz,1218786,7a961eae241ac85965e194a66eac9059bede35596624524a931da4b66ace39c4
bases/block_25_value.npz,2265690,1411ea3b1f04b04c47d1fe755ed75044af288d14f13feb88192441faa2b1edf1
bases/block_26_down.npz,2265641,39852f8e2d6c4e14f1b13e578e9aa17325bec698c2ddc56e73b7c969058d1e12
bases/block_26_gate.npz,2271024,adc7ee152fbd41a45d967e4842308afc9e92be3c9f204f4bf756740bec56132b
bases/block_26_k.npz,1219664,92a9839be524c93070f6f663cad74b45bcb8366b0af015e0d0db3ba8da37a790
bases/block_26_o.npz,1218322,de189db3a8436a19760291898d35b9093adf38bf9e41d4e70e5ba571b5c390e2
bases/block_26_q.npz,1221245,39cf6c27e975ee6ac1cd94708b7ed1038c30e5f5d6a372646a243906af5ca058
bases/block_26_v.npz,1219723,8dbdf4faf1bbf08fff16c0e0b1933437c7c968289ff8fcf672082d6c99d466ee
bases/block_26_value.npz,2264407,35a8da1fee595039e97ecce7fd4cd21a10bb31168fc3a4de644fd2f6518e4d46
bases/block_27_down.npz,2264528,daeac98a471cb97b1e0d4c27ffe2228944c42c941e3fa4fb861ddba1d845fb26
bases/block_27_gate.npz,2267804,8e17c488b368eadd2e58b3f539042485177e22f4f77fc47a1bb28c53be27af0f
bases/block_27_k.npz,1219559,7665404695db1bb6f3004959683a3f5f2594518294903af3fa8c05e46e7b480b
bases/block_27_o.npz,1218214,844cfaf231d333f9f84ec1ae042109d615a53cfdd1b8be139b992e5e91371c4d
bases/block_27_q.npz,1220847,75ccfd8dfce5d7290bc9405a0d01f7ffd5e1d7270bebaf23aaaefcdb725aa13d
bases/block_27_v.npz,1219321,0ebaa217373c3e15f4856352806c4bd01150b79bbeab68d6ad0df8dd193fc8ae
bases/block_27_value.npz,2262949,4519106f52d7e0bd30dc400ef2e811af5dd0b79780d45202a05e9cbd17fcd6c7
bases/block_28_down.npz,2266764,cf6443f0cbcc4dab0b342aeadb1444072fe917faec4308487e9b71e6f2fff635
bases/block_28_gate.npz,2267114,b09fc8d470598dd5db4a51bb71ecbc8b1e6077263c661bb356f99da061c1bbc2
bases/block_28_k.npz,1219811,4dd7ed5962c87a0186b76976251aa589c8640a74b7c0cd71a82da17be4fd8c56
bases/block_28_o.npz,1217928,a5aebc72e8be7ad51935f601b7c0256b6221f88702995040e10b549f922e68b3
bases/block_28_q.npz,1220453,3a697b4b86035b2ede2a7c23f995a6dd6e534479569c7ce6a5433d6f9bb6c5df
bases/block_28_v.npz,1219124,12aa6a16807684ad9e8047bfff9f566ca7bcb8cb39a508c46aea8f1d841809f8
bases/block_28_value.npz,2263434,76ddabf662960a9e9897748c962211921adb45c26bdbe4c7f6b9a998f4a4298c
bases/block_29_down.npz,2265006,7cc462503f555292c98a92c3b5a69121639c979e78a6a3cdbed5eb1b0fc50c18
bases/block_29_gate.npz,2265936,7c1d0c383154d4f5a78067b990c8139183a8aef70743dc63f19a9fe600756644
bases/block_29_k.npz,1220001,a0fb2120850838eab5489debcdd7a3266b0dfc7c6c18cf19696594422e576a26
bases/block_29_o.npz,1218132,a4aa2e41c03ee8c403f65715902b4261625f8a863956504fa3f708620f585145
bases/block_29_q.npz,1220427,c126f788538ce245958818b16f4aac2f556d20d9d7d71e06067468550346d965
bases/block_29_v.npz,1220083,eb23e682b21f8ecf4c31a88bcd11e9a4cc50dd9bc281ef82262bd48c01d202c3
bases/block_29_value.npz,2262838,d9e567f1dfb182dee1acaff5327ccfabade6896b908de06d92fc4dfd8216559f
bases/block_30_down.npz,2263642,6e503aa1953a9e878c23163624776ef7b79ece84ec5fb91dfbaf510ecc68a4cd
bases/block_30_gate.npz,2264978,051ce3877e86770134eb7d162aca1ea7e164960338268be23ca260a8dd4822bf
bases/block_30_k.npz,1219643,6716adeb27081d393c871bc2ec1edc71cb3c47dff979d238ecd1aa7be1667e93
bases/block_30_o.npz,1217727,7c69a24685d71016bd1a995aab0e1b75333a44c9408fc4a66acc1ccd672573c4
bases/block_30_q.npz,1219834,0b0b467ce27fe96cce135c87d69e085784b1013cca1b0d4481f289f12b571937
bases/block_30_v.npz,1218958,abf79426dd54c523cbdf12be851ac5a8e8c4e250c6a2ad37f80d4d07e2175235
bases/block_30_value.npz,2262462,3d7cfff349d0c95c03e41a3fc87690680c019188825d556537026eaadf3767f8
bases/block_31_down.npz,2264082,1973cce53ad52e9edd923072250b9e9c73c490e59fce5964dcf01eec1dbe99cb
bases/block_31_gate.npz,2265727,27e045c09c0022cae2adb77f819a959b3ab340741c10af90b76138294f6ebbe8
bases/block_31_k.npz,1220088,9f8b652474a3b954177636dacf17b7f9d748e32b27573bb44af73d88454dd0df
bases/block_31_o.npz,1217593,cba4ee3f8859c086c68988d1b375428c0b1d6801167a3f8b52192e8668afcb8e
bases/block_31_q.npz,1220250,b52788e99b65a9ae4ce6d0c2089a3061b1960d023c49ed3cc7078602cb6dcacf
bases/block_31_v.npz,1219313,e550c8846ffd9900088930b2eeef69aa6f2fefb350507fafcef4bdc3fbe9c56d
bases/block_31_value.npz,2262674,907b26fdf20089a1196ce4923283c6ca2db9e1903493b2b395036878499894ae
bases/block_32_down.npz,2261978,5e3360dbda3e051ff0a0c88d881fd5fafc00f7665d5d63a7472878e01d46e38d
bases/block_32_gate.npz,2262425,0a5a127c5b99407e7d83b831402702739f3d21522980e21cead51f07cb726644
bases/block_32_k.npz,1220275,26805791e7e1c1b8b3731ddc292756461c2bbec2f810c24a5714d9eccd1a0d01
bases/block_32_o.npz,1218196,83138152ed431c0b0a998097421232a8aa2ddf5c95784b31ac500fe11f0fcc9c
bases/block_32_q.npz,1221697,4b0fa699d193a691031c04757e98d8f966b076a08ba15d546f9b35b8992d8eda
bases/block_32_v.npz,1219504,c277670f531397b1c6f2f8bc8c4547ab42f1f2aa1c3dcc22ca81fa8bcf9d6e6e
bases/block_32_value.npz,2260898,cfda1d05014987892f9b46d10ba51e6d7802f0e240cfd5bb952c9d0ef6da1da2
bases/block_33_down.npz,2258577,7e83be97ed7a59c959e54aa7bc0ea912499661479fe0498962b3f50dd2a13d24
bases/block_33_gate.npz,2257941,2a058a13dc05a80d8fb6fd81a4e6789468c58d3e5daa59ea6a66bdf229f83a85
bases/block_33_k.npz,1220279,e5619b607c972e2a2580fe46ddea522bc70858d424b4d7e3c9e3190921b30a5d
bases/block_33_o.npz,1217838,592346ca28c7eee551131f5a93c76348c9beb91fa176a1dc17a29d6d2e5cc338
bases/block_33_q.npz,1220171,8401530eb597bd5727f5d4df4f4e2988922159119d3e38d99331992a1a07cf88
bases/block_33_v.npz,1219103,be22f22f42692dc2309c10bd52bf546d2bf62ad0f8571b70e6ea303ed866b021
bases/block_33_value.npz,2257605,a992e95ebed2e95fe00a583b4532a0571a32cf618f2b2fa52264f6624c27cc37
bases/block_34_down.npz,2256938,9a12c0831071632a5a8f7f7b48d5c33c5bb49b5655598bd1d3f81eda9bff002e
bases/block_34_gate.npz,2256942,4e13d4cfa425f5e3cfc1f2f0b8f340d94063763a0de614503d03c2f5c720bb0b
bases/block_34_k.npz,1220079,8c86d2cc629dd6deaacb26620570a04102fea6ff269305e7062fa1de93d534eb
bases/block_34_o.npz,1217562,e8fd58edb4181a9622ebd82dbeb1e3808da33db5d0e74912827adfcbd1e7cced
bases/block_34_q.npz,1220657,b0a038fb0ff0b9dda457372ece11e144746b9764a39e693550374eb5f78bfe3d
bases/block_34_v.npz,1219107,eb3dd51c61f16a54753e3dcc77517a3a60d98e0ada2060a2104e981540d39030
bases/block_34_value.npz,2256225,a3eae8cca8391680b8a6f2d9983e25d82cdd2aa5e516414d649531088de95cc4
bases/block_35_down.npz,2256489,380c6892630fca3ef96ce25f15ba99e9dea41d4cfe39cdecabaf0843b4150e9e
bases/block_35_gate.npz,2254817,99b51f37b90067eb6a5b3a97dad0e4a22fee8ed97fb13845baa2bb7811359bbd
bases/block_35_k.npz,1219901,9be2027a56f1f2b52bbd3b608c05f6102f738f1fcf418b62ba0da84b405b6c44
bases/block_35_o.npz,1218300,a4a643887ff171d3208ace5d99748ef13cc49c1b6e903e94f2bf3a28de3dd295
bases/block_35_q.npz,1220615,e9ef41dc81f0d4ec97b2f5ae2e4e30b6d1f653cdfb05f18d038dbd3f1e4209e4
bases/block_35_v.npz,1219119,ffd17a867d4f090e928a01c1a8bfee10fdf92e3bcf58761363a4f08f05b8fe0a
bases/block_35_value.npz,2255343,5b411380eb26585e70507d2fa717231f32441ca3655899bc5fbe05c8ff098ff6
bases/block_36_down.npz,2252692,39f3223a8c250ad7cd99a84a68213c5a094fb8b93726118c7dfeda5e67577b6d
bases/block_36_gate.npz,2250645,4d7858bd35a39ad17473897804c29901e21c30b2ed99290030be40db3a5a2a18
bases/block_36_k.npz,1219799,ec7a2c6cadd3c8881555c333799a76c98f14fae0b7959b358b85ea5d772d3f52
bases/block_36_o.npz,1217591,0df55ef06fef915305dc91d57d71c1bfd5e509835887f95cb3e4c5cde92cfd59
bases/block_36_q.npz,1220554,e62ab88ed1315362ab74f0ca1df3275fce9b823f9803eed09b826fe8d8f2ff6a
bases/block_36_v.npz,1218750,8e8e58ed64269070f6545f2c06ab74cb80fc158970e0458f01c8eb0bd1596af7
bases/block_36_value.npz,2251655,2905e36431f873827ac5bd3b89e85730863d52d59246e1dd9dbf506d204ccafa
bases/block_37_down.npz,2250090,df1b22fc53114739d471722c55022c18231b328bd260eabc4c7b9d59a0f1646b
bases/block_37_gate.npz,2248881,bdad171e87798efd06b67f8da1cfc8e6972c12c21ce4d4efb04c6bb62fc37f0d
bases/block_37_k.npz,1219579,cbabdd579bafd1791bd2ae9e8d4e8d3385d8c4c3e723f811357d633a921f6206
bases/block_37_o.npz,1217954,93ba5d25f72d7f48e1ea4aaed89a290e10276bbda32a713d17973b569331052a
bases/block_37_q.npz,1219647,30c2246e937ed54410d516d17a55cc0878d907f9dccd6c9324904cb379b927d4
bases/block_37_v.npz,1218328,e84fbf908e4888b46f5fb9d58cd3e21562585c13ccaa6d597ed13b169ab6488a
bases/block_37_value.npz,2249363,6d754acc553b2b2134da10e0c04ab77a827352269b8cfb2d2a92f3c2a8fd2920
bases/block_38_down.npz,2249421,7063331a9e4b2b418310624f983f6ce934ae36daf7af3373e98b716a9b1b436b
bases/block_38_gate.npz,2248081,1e55cc259d0ea039885f43fb0cfa64cd3e1de89b96765825793a7e33c8d7a915
bases/block_38_k.npz,1219638,f20f3a7170d4ff088be433d09402e603173f316d21a5628843dce1a93c487aa4
bases/block_38_o.npz,1218030,3d00f866e2d23be44ec4862b135a7770cc588e08e10aedbeb7841db21ed6e846
bases/block_38_q.npz,1219357,e96ab9bbaec190cc3d7fd5b761eaaabe105dac97e4fd1505080ab107659cd88e
bases/block_38_v.npz,1218859,49baa891c49d19c195c60d442d5e340d3005f7a70ab479fe6ac4c69a9be8bcea
bases/block_38_value.npz,2248999,c670df97ddff41ba6521a1a55575d312cb0a03769e874347744244101c3434d7
bases/block_39_down.npz,2249474,3664388ac5b192be336b0a98a6306d116ed5040b4a848ff3f807e528e663161c
bases/block_39_gate.npz,2248071,d827b96c1392e25a4456476472eb22d4bf308977bde61de8b7f9e72c3c137d61
bases/block_39_k.npz,1219209,76b1d9ff8e0f2669807663f8dfee798f126929569afd5357bfc672f76f3f9a3c
bases/block_39_o.npz,1217919,f17a5093444c714bdf81424257d29b2963b1caa9112f126aec205ccc392e069a
bases/block_39_q.npz,1219235,4e5e25677b206a296ecc4331cc7c4d31ed79f7db33434be9b64c52f162e7d2e8
bases/block_39_v.npz,1218146,96f9726236bec60b99fbf3402e1eea54726178c81b7a26203891fb6029f090d5
bases/block_39_value.npz,2248885,22816f6dac0d7eafd3e6d11c50d3ae434b076297e2c63ea61511f58a6b4f175f
bases/block_40_down.npz,2249113,5cd6e8b6202f949491d10648374de8a8419358bb363b9fb07f187936ec32693e
bases/block_40_gate.npz,2247920,a3a1e83f961440b07230f3ee2763beec5b7325092e63a5b5bd4be8cf3c277f4f
bases/block_40_k.npz,1218957,91896c6e05cb931e047c47fceda80c479ca79bf77878740f65e86d6d425eddfb
bases/block_40_o.npz,1218196,ac594958c6b9b19057c3ccef0364a2a0e8ff7d44f04a09888a65ed9f32e5d9c5
bases/block_40_q.npz,1218641,c391fb6a5cfa5508c5fb3cc3dbd46dd45b2e6d61cb7e4b353d37cd40fcac3c53
bases/block_40_v.npz,1217948,231f58f92a1061048cdce32a17b148ae886582c6d8313fe42e959f1d2d57f118
bases/block_40_value.npz,2248783,b17ea50a8f12c1a0ca9911d721ed9354cb227ab49669a3b693ef6b45becef7e1
bases/block_41_down.npz,2249028,d5618aea13085971d06097764e91c33697b98e2c5c27f048a670b85b5aa9de5d
bases/block_41_gate.npz,2248200,778afe7f0e9ceb33d484896ae7a5164df558e3680c517f77999e111b3a243233
bases/block_41_k.npz,1218496,2ffe9358e2b6c3a0ff5c2a639db5d3406515aa46cc6f7976ad36f63020ef478d
bases/block_41_o.npz,1217739,31a7a955ba2301022d5b36e55fb0d473828512971bfe431aa44e5ffc405af63d
bases/block_41_q.npz,1218198,d93582e38f6e241de4b4fa6d1a829e7b9533afa3804009954a09f089950b45e0
bases/block_41_v.npz,1217802,e68b7994a3866dbec746d4de7b6a05d02fbc0b6e3310d57f0e392c6397aef9ed
bases/block_41_value.npz,2248983,fe8624aeae6fada8f6d4ef8d1011555510205734984963c9ad123b612a93389a
bases/block_42_down.npz,2249222,290819c56cc7c78b91c55450371446235b7dd468d40815cd758a420a0a4706af
bases/block_42_gate.npz,2248249,0dff025e88da03e898b72f326f0c679ebca5f41d75cf42fac7e580f5e2a6fff2
bases/block_42_k.npz,1218555,eb6f2d83c2fe01f07583d916085c85b4a9bd3139555beacd15db869c1e139649
bases/block_42_o.npz,1218079,d185d2b19011d8a4c7b1ec870e904cc43cdeb6fea76ddde5e7a689cf6b547b9d
bases/block_42_q.npz,1218141,49fee68b86be89ba8562add315811bbb99ae20fe1e69e050c6a64d0abf82eab2
bases/block_42_v.npz,1217811,eff020ee9d42c167eaba60b169a35cb761cf0f4385cc6a62814dfa6c8afc73b0
bases/block_42_value.npz,2248699,6c0a1570d7eb8020529e7b9d84b08ac3c293cf084a4755c0cac545f10cd51301
bases/block_43_down.npz,2249075,b1133354fbe75014ce1d1c321daa66341b2ff3d1881b11e857e863416e0b62f5
bases/block_43_gate.npz,2248266,28bebda7ad5dc5c91ed8eeda5bdbcc49227e438e7b104c37bbb9d78ab0880933
bases/block_43_k.npz,1218201,5ee382e1b0490202bb48de41793147316225ee018dbc60cc8b513867fb0588bd
bases/block_43_o.npz,1218642,5ebb4c0f52e4d2b7770a6d5b2f3a3a625c1599d16c7400c71c3f4252480a73cc
bases/block_43_q.npz,1217688,6189dad13283989b6e400a67ca8a30c1caac538a3db028c4971926c3ade725f5
bases/block_43_v.npz,1218040,b9fd37ba57e74d64ae2fb0263dab99601206db0c0f1d1ab8dbc9d0f0df0a7f59
bases/block_43_value.npz,2248839,e3beff1a0b4ab2cff937970d1977fede170965916fb5236df357224ec7b06080
bases/block_44_down.npz,2248960,bf015af3652e75224829dee4339df32fec9a1a9efbdc658bf3dec236711c8905
bases/block_44_gate.npz,2248430,f7cc46a0233f53cd07d8267359d31fe19b2994de23f113203e0c35fea95bc8dc
bases/block_44_k.npz,1218009,d40b350553b83b734d715cc0e5a8ab3e66534240dbd9aa5e811737db833697f7
bases/block_44_o.npz,1217570,e01409dd4f05eea08b2e311a01c5e5b76c2be164946c9d443bcce7a41f0961b3
bases/block_44_q.npz,1217852,eed9e79f9d85f0594811bd5b9d374200c650964f7a364a0e273a2c64f2f4c904
bases/block_44_v.npz,1217283,09f209a81b48d9470ecf52b58d234682a075ec42e29f0e2372f12ad9135d2e78
bases/block_44_value.npz,2249171,94a696cd97277fc283dce7b13af1cf24fbac3681e3c968821838d4fb3ab4c40a
bases/block_45_down.npz,2249318,e1bbbed0c128005bd5c3fa6bff505d280ae7867a978291930ba074c84d43a01e
bases/block_45_gate.npz,2248607,f19dac9e4fb7b34f38a9a44dc55b6757973d1a74e9bd9880cdc969c6a9a29641
bases/block_45_k.npz,1218317,70a414b377ec0aa34b42e56db9d171c10a8d9e07a5964ce10d3af4203d4dd399
bases/block_45_o.npz,1217657,6c12493fd5010e2d800857972ca10c34d6bea055f165cce3b4e0311cc598f646
bases/block_45_q.npz,1217804,bedee7a2504edb8c1f113302f26751d228ee3f4aa6c514d14e5d1c1623fe22ce
bases/block_45_v.npz,1217465,9a392124574494f7964da770c603c4e3f1a85de7d636d5fb26195f5f2e82361e
bases/block_45_value.npz,2249312,8cfae14d497847d4f71c40e43ba3e878c5a22f1f7c5cfc4f44bad6b3abd64253
bases/block_46_down.npz,2250449,eeaad04dde66e7ec644eb68edd98ec983684164f0e9bc4dc88189a3c6256b82d
bases/block_46_gate.npz,2249952,9449960de99db2c460b8cbe46e3fe8be70d11a58056300dd6b47ea9cc425de22
bases/block_46_k.npz,1218049,6e194b76c90aa7c681e8c941bf8029ae6e0ce3fa43ca251e9ab7113f6dafbd2a
bases/block_46_o.npz,1217788,e87d4a0035f79410e4c7d429ece3ed92d93d5f9e77c7755997e5ae700748ffc0
bases/block_46_q.npz,1217674,2ed1521d0216ddc6c4da56bc0e35807d5ded3c7789606d6ed2b49e2d0b4d707c
bases/block_46_v.npz,1217441,ad680e0dba804d2f4ecd96f27b135932a19b313185be5cd849a3f0300b11f6f4
bases/block_46_value.npz,2251080,805c7c2b2fb5f647c8ebd46c7054caf75df399475d41e0b622901e77fd39a1c7
bases/block_47_down.npz,2254882,d9463cf7d334d261d3a4bde784060b44fc64570485e1b2341cddf3bd8233b91c
bases/block_47_gate.npz,2253594,1644fe16e97e30c5a0004ba69f0059dec8d91a13a1a0a1731127e882a3cf2b16
bases/block_47_k.npz,1218006,151e2fadafb35cf6fc0bd6a98e2231765445e076cb71ef90ffdbcae801db6259
bases/block_47_o.npz,1217432,842534b34a5336db72f4d2e9ac598af4423fe8ad725868b5598f90cad00965b8
bases/block_47_q.npz,1217862,518a33d5ae3cfcabe133f904c0b7aefb8ecf40fd8560f3f24a1614bb1b85dd89
bases/block_47_v.npz,1217493,f65a4a4e52eb060f897bdc8ad177448d8bb4e654db34859e749dfcadb9a95101
bases/block_47_value.npz,2255191,183b6e0a7690425c268d7d0ba23bcd6263bcf69d6067851ebcef59548e6fdd01
bases/block_48_down.npz,2253245,7e6e0f0a8079a072cad9fcd93b99328a6e806f5f2db1a3e30e0bd782d4790cf1
bases/block_48_gate.npz,2253436,76de170d1634528db2b8c5e1de290ec66e8c5d47db98327ee6083ad3fc5fd9da
bases/block_48_k.npz,1218171,7fc46d47ebf612c9335fcb9dfe94e12060fc0e4598bd3af693268855acbf077f
bases/block_48_o.npz,1217481,de9a0bf860b46c57cc5c4ced0f2a0a829118e309711f2df836bdafad1686c831
bases/block_48_q.npz,1217657,42e1ef62cbdb553be8190fc46431c4b8659f85d7482958e8dd3cbf05b6575efc
bases/block_48_v.npz,1217279,e1fed7d222525905d6052c6e979958e632111046137241feaacf9a025ca5a161
bases/block_48_value.npz,2254278,c12cc463b5f7ca1a32faaadbe912b9bf7999d3622da9a119e3c3a41d0904f3b2
bases/block_49_down.npz,2254237,650545f73193d1743b50d89d471d6a75b0fa4c517df3073cec0a8886d373b0fd
bases/block_49_gate.npz,2253510,f2f39fd97c87c557c4e105726e748aa6c276248ce96e7f542fc87d93bcdd1e8a
bases/block_49_k.npz,1218041,c34856a31274d96380391cd89ce573dff606ed567334b03c24bd4f8f856a842f
bases/block_49_o.npz,1217279,79a3c542e05c45eb2183668b3faf63c3d4e7976f90d9a87bb0fc14a2bb3d3aad
bases/block_49_q.npz,1217343,81f0ede7387cb35a347b382b15f1d47f8daa40c0df1aa2c96e1391cdd900cbae
bases/block_49_v.npz,1217254,59f390ca32da659673f8134a7ebe2c32265ba64b646840fb09ef62e26180ca99
bases/block_49_value.npz,2253508,090a04cc14c1750872631077eb25ea4eb7c3300a40a4a7e649878e66ddbde19c
bases/block_50_down.npz,2253359,48117fcc0ca6059ba96aece94cf8204c7458e60e453ce91175fbe4ab8d136ceb
bases/block_50_gate.npz,2251026,0d2f4c13d1905f19f08e8e2bc46dcd43f0583149c09680e4ea5fcaa470eb66fb
bases/block_50_k.npz,1217825,e727df995e34b1762e368e55dcab3f985c838a879ec8d85f89ea65f4ef40a77c
bases/block_50_o.npz,1217107,3925b28d12147dd10a96ef14e84ddeb5047b380aaeb72d11d8a10aadf7bc24d5
bases/block_50_q.npz,1217187,029e5bea2d2c166c836c77c355889e0b8b19b5bc1b2e4d1add972e4a273278b7
bases/block_50_v.npz,1217412,22efdce5277385d02469076aa595687842906c5a95a3dd5efb21f41877a4b0f4
bases/block_50_value.npz,2251547,a829b51c4b42ba2949b885755499962cd8f5f2b6cf457453ef5dd4a2142758c2
bases/block_51_down.npz,2251344,5df729923089fba0bfc6daf7ec13a293eeea1488737acb213a60223221b55923
bases/block_51_gate.npz,2249745,05cc7cdccfebfd61e691dc47f394cf6afca7729ab727f45d4f065631d8937f35
bases/block_51_k.npz,1217406,3fb176f5040d80bf1cd818e6cad4bbabeda0f324f39440de796e6235cef8ee7e
bases/block_51_o.npz,1217370,3db334238c384fe9a50aac3f953a4ca31975b72f15e1333fc19c0f8ee80635d9
bases/block_51_q.npz,1217233,e52dcaa65dcd01eb37cdf775299200b4a0d92e20862915f8cddc7ddedc86a2f5
bases/block_51_v.npz,1217186,abd2da5b5ae813f6af80a4b5ec03ff07afde1821bcc01d36eeca558c0925aa6e
bases/block_51_value.npz,2249865,09f624e1a5f340da50c59cb58cd7b9476173eb73d9ae863e899b8971bdc58029
bases/block_52_down.npz,2249856,667c001fa459f51c4f4d3c87577057c03fd01a97ce790ab2000627fad8017553
bases/block_52_gate.npz,2248827,52d4a95ec76b05fdb4e7ebb53fa3fefff32c566a4f7774bd2cd4391dc26ea02e
bases/block_52_k.npz,1217598,c5f9be3a1ffdded9f0416233c476c8819b3847093a35118d6504f0d84b0ac5c8
bases/block_52_o.npz,1217099,8e77c383069c9e6ab09aa26f9ce471793a92d51070167139810556ffe68076dc
bases/block_52_q.npz,1217582,7c3f271c5926dd421c8b5c490fcd3746bbe7f26056b91aa85c6664816b67b7e1
bases/block_52_v.npz,1216977,1eff21d3705462fdca1ee16c25ef6f2bb23e1a0c044bf3089c56d4a32fbe56d4
bases/block_52_value.npz,2249238,a13c8de1271b97a410284f53520b51a0d671775af2beed7e98d46b52fd41bb78
bases/block_53_down.npz,2248582,c12cd38b9ae056c5c4e51443825106d183bdf99fbc470edea022528d79b90daf
bases/block_53_gate.npz,2248733,6d7bf6be9659f43746983a5629734b3bdf15376cfe98007d7edc844554a63659
bases/block_53_k.npz,1217432,2ea533dc79fc48865470a771bfb2021cfc91bbba59dd385cb6cb0346ac7f9ecd
bases/block_53_o.npz,1217355,3d0a84306bc280136da472c4b1d003b7c7e27246184045d003a7d90cb7f7f597
bases/block_53_q.npz,1217396,1d19c0996b7f778fd6fcb3dbf50b0bf3ddc6c96459d673e9e8555da0ce26e408
bases/block_53_v.npz,1216775,e237a9eb83d314bc60e7ed9bf3edb53002e92fba7e38bd28c27503eba7998c33
bases/block_53_value.npz,2248577,947222d7f12fb4e73ec41f3a3fd5e3e8bdde4da25b5e1b854a393b72936ac0c8
bases/block_54_down.npz,2248427,db985acf28f6f317ab2ecf98b05b7cce0403fd39effb53545ddd48522d4405df
bases/block_54_gate.npz,2248200,21aa60ae7c023dfd2fc27f11fdd961f350b70c88c5854846d7759efe79ae0f88
bases/block_54_k.npz,1217125,da4a02766f08614098781220d4af320187d59fe8bcfc96ffa2446b15a0f588b0
bases/block_54_o.npz,1216813,315ff2e5d6c5c7d88aacfaa952776f7c282c804f2361e3d946360ce7441e0e57
bases/block_54_q.npz,1217286,0e34f35eadaed9a3c7fc65a7c3052825d54d15d579907a4a0717838a84041447
bases/block_54_v.npz,1216756,595f2acaa5ec41b764d97d480ed027fc8773a3b61e2bf72862f5515e79746324
bases/block_54_value.npz,2248383,b6311bfbfb4005e730d6dd4d6a2706ba247c12f8befd8e6c07fef1354805f0cb
bases/block_55_down.npz,2248610,6d9ba9919ff5566106e6588f25157348accb28e6fbfeb437fbfabe611fbab39b
bases/block_55_gate.npz,2247957,b4e6b9ca07b67617a221ecdbd0e6a7bc690093c4a05e556d7235899a357bfd36
bases/block_55_k.npz,1217179,838e1332fce87d207b9ef0aff04bf3747decf5046af1417552794a4d9ba916c3
bases/block_55_o.npz,1216930,7ae7f5754a8b6b42dc3a82300175acf1b5f1c7e6a9a2bcc43036fb528e9e89ab
bases/block_55_q.npz,1217202,bcdac425990c6e85792bd559efd094c88273a1f6f44822b09fdc66f5fbc728fa
bases/block_55_v.npz,1216704,d60c7525e303bec1f141abbd07575c7cfd1c7c377be353725b93257acb6110b1
bases/block_55_value.npz,2248574,d443132a17438c703c975fc9a0c874e797b39e9d54f54c3048a28b3c2521b830
bases/block_56_down.npz,2248834,887dc3116e2bf1883ec81ac05ec7de9cfa7783cc6911189b3e17df0363957e90
bases/block_56_gate.npz,2247745,84fed82f8dced621b753e0fdca8e65722e1154d1468454407ddea8f71b374ff6
bases/block_56_k.npz,1217198,84584cc1bc0586da90326e9c572f76d07dfcb6b47f831e038fbf54826ab2345e
bases/block_56_o.npz,1217356,d2fc58f29fae484df4b8535c9d82edbc700e97c3e3b1e6f76ede13a71fa98b16
bases/block_56_q.npz,1217194,89dd4243768a815d66009012235067716dfc4e2975ffd76edd471f3571a4ea47
bases/block_56_v.npz,1217067,7e00def51221f629a9cd76c107cbeefe6f6d168ede476d738db00361b9e75e1a
bases/block_56_value.npz,2248373,23ef683ba50616ce4702c31da25634e240d5a949b57eb9a165bf8ad32f2f75ed
bases/block_57_down.npz,2248862,04d7f604e6609f4dd5db22ef68c032152d32969967b3114e2a8f84741b36c58d
bases/block_57_gate.npz,2247572,0b31c060d9817f43149f60cb7508191bf3253434f05db3b8c0b0c7ac369c3927
bases/block_57_k.npz,1217122,6980e55413e2d863727e345cbde2def3ba3df1477a6d5b4c2da8fc439987c0ad
bases/block_57_o.npz,1217241,8acd94b011a41411c4c66ea00b8d0f6bbcf2cef4a5a58fe03baf24d363d1a775
bases/block_57_q.npz,1217156,530b088d5307cb71b822d25b927a294ba9d9e432a8be5c26d42f94d509c69d20
bases/block_57_v.npz,1216905,1e940681b0269c540da26728c164d37e8bba4da124dedeccd11d723b9efde00c
bases/block_57_value.npz,2248276,f63141369b08cb7989478e486354864835461084c3c4acb97feeaff43ff35c05
bases/block_58_down.npz,2249030,1133fe3b5e58ccbee2c7c9336c25095f1e08deedd40dad6731880777c3653026
bases/block_58_gate.npz,2247920,1c68f8eca343ff3925e9173daac64df2ce0fadc113a832b2a5c594a8a7c7a975
bases/block_58_k.npz,1217253,391b8ca48a38c56a889e9cf4d044fd621088efdb735b03f03b15e1f73e19e143
bases/block_58_o.npz,1216916,5ebe2ebc8fd74f0582027c5c39add576d381fe2e647bcb76bf4cc2c1d1a67d3a
bases/block_58_q.npz,1217257,0db447c624b59e00f345ba88a0c6b8ddfe8fe54ff919933b5be8bb689939106e
bases/block_58_v.npz,1216818,87727923255fea656b9f58e92236ee3dfae14c0d7c325501253b88e7338eb11c
bases/block_58_value.npz,2248080,0ce3c85996ba93361791d7ff3f39b259a5cd5650a6030e2ba37adb32f0f82326
bases/block_59_down.npz,2249993,4a5eae84d99a5109163d6ab3d5f24b026047759d6a4b7addab4a7c4fd166550d
bases/block_59_gate.npz,2247983,59abf8d2a7bb71ab9753ff746ab7a5a620d40c23f73e8f77090243e282e89155
bases/block_59_k.npz,1217380,e6a6c0752ced9c7114bd35866116515b8234191be223d04372a1e66577a0fe17
bases/block_59_o.npz,1217220,a8440cf172bf67a853cfe1f4b9a5fb75cf0dfec92c6586def6a6dc578710000a
bases/block_59_q.npz,1217510,6667ac05229048ca58828ab57216e9d26c3905509d7ae5c981db9c64c16a4c3d
bases/block_59_v.npz,1217451,30a4b3704994f6cf4b87c7cb20a3c6dbec62cc440a2efccf2890c172240b27e6
bases/block_59_value.npz,2248769,2c33953d93812f43a4945a526ddddec3af17104a524ca3c54b6284ad19c5e8a3
bases/block_60_down.npz,2250202,923703da38556455f8625bbe4eeeaab44cb7852cc2cedd60052a9fa1bb741e2c
bases/block_60_gate.npz,2248059,8cf244fa01e8fc35606741e428e7e669677556a6f3ba8d9e866484d23ed01f95
bases/block_60_k.npz,1217547,a9d59e0f084b0e04d01f3b590f0797adf6d7e7e6e7706b7591d24193a5a9d7c1
bases/block_60_o.npz,1217904,581708a7e565c56db046e94e2d4f3ae26f01c5c0dbb47b4335162d2cd6fc844d
bases/block_60_q.npz,1217700,68195a3107ac0c805b1b36bd26aec01cbf026ff0bb4dbe3c5a3455a53738b543
bases/block_60_v.npz,1217611,77d3ce63dc4376324c25ee5a2c0f42a3fd62a2656c449f0d9a31b7ae369a4d91
bases/block_60_value.npz,2249070,8f04c7677f3c97108949a54b34dde64bf8a5b848ea8f327e5254e18e73df2eda
bases/block_61_down.npz,2249037,ee1aac88d093ff00f990aef2d2ceb675cc95dd8780129ce173113fe5f3860770
bases/block_61_gate.npz,2247787,8bb42248f5d7447575cbc04b1d3dda3c8f3eb4efd605932a7621242b49a9812a
bases/block_61_k.npz,1217703,06d9f92086db6ea9d7fa5ae34bbdf278f32edaf8b5eebca1ef394af4f09960ad
bases/block_61_o.npz,1217729,b7d8657af3847d22030622f515c02c5c21817eb605ea849efae7ed92a11dc8ef
bases/block_61_q.npz,1217533,275e124a600c3373d05008c7a0b9613558748cdb3c3ec44f607f822d3b0e44fd
bases/block_61_v.npz,1217494,afb62225a546c378b452522777a32636c0115c9e6b815003c1a8e5e4ec053a54
bases/block_61_value.npz,2248904,c08b95a75d1da66be3da08978a5de8e306896d4590dd2a801464adcc6f7f66ac
bases/block_62_down.npz,2248298,1239d1e72df021d0e59fa2fc06bfc5f3eafdb0e6236d0e843fd04add37c30464
bases/block_62_gate.npz,2247871,9e2b298904817d06d2b4b9dfce102dfe7a426304014e564de55ea29d6c1fa955
bases/block_62_k.npz,1217297,ebab794c74551b6c326e245f744353cd0b3276c51fad6ab94571e2b3c6ffc28c
bases/block_62_o.npz,1217267,07b808985824a9f24c256d9fa8fcdec7f642bd241f9ead4fe8642fb0d91abf15
bases/block_62_q.npz,1217288,baa66e02475fcf35f666d418fdead5a176825e2b1e524df1a34195125ab45a06
bases/block_62_v.npz,1217377,0597416deb85a23f8baa903095074956196fa72bc8b8df94f4940364546df49a
bases/block_62_value.npz,2248488,b449f33e7b6f8bb8fc86128b243155130304f4e3853704d50ae09e460d7986a9
bases/block_63_down.npz,2248643,07c991fe8534606365c47395218383f410e4a5c30a7c1b1447c300ea559e0f78
bases/block_63_gate.npz,2247494,ded718331579662732579c2c912750c174df50c72438e659b273fa3eba2f2efd
bases/block_63_k.npz,1217435,54d8390a1debfa686e5910a279a3ee0ad525f020e4a7dbf3063c11712a47e363
bases/block_63_o.npz,1216898,2115f16f842532c75360c66d2a657ef3b45db28d835977021700cbf5dc386a8a
bases/block_63_q.npz,1217102,01446bf4145f77dc1d837d695f6da5e97c63da92bf6322d546f82242a5e080e6
bases/block_63_v.npz,1217080,dbc315d45c0002782bff77c56a0d86b2742e60ae83b61e109bc2bf14f1df3f7e
bases/block_63_value.npz,2248188,a1a4a5f53f454e78b8e6a89b8fc4c6d37c1cc26ded344076eebcb4fa0fa4627a
bases/block_64_down.npz,2248381,eb50dfaf2333566650578676c9ad20f6428aa659d9a40d1677ae1ae02c0a2d74
bases/block_64_gate.npz,2247654,76377059611282ea678189ed8e41f09f72e6f790a0be417fa1c17e1a58bf9723
bases/block_64_k.npz,1217060,5d312e48620bb6599d4c22b04d33230fd634e7806f41c6203f3244f4c8130c11
bases/block_64_o.npz,1216734,2250f87e5b1c26bcc53dc46e0d7de1dae0eb05e0761f89a47aae7ec6158095d7
bases/block_64_q.npz,1217158,9a4245c4960cdfb2bb7d7381da4d904b2ae8ed239d16e9ec624047e3b348b623
bases/block_64_v.npz,1216543,9fd4cfb9d5a759ba6a87c795fcf624ca2bbcaf9698fc2285e9f66f88385af879
bases/block_64_value.npz,2248288,43d862ea68ce8bd041e46f09b492de8cba134222e1c77ef73d87bbb6cd4b0c63
bases/block_65_down.npz,2248045,1939906e88d97b1bb5c8c85fc0ae746b57127a4c3cddba8a2580e2788bb91fa6
bases/block_65_gate.npz,2247389,be3484749c357b66dc89c589d76b330e2e280a5b775d34c6344077984fe0546c
bases/block_65_k.npz,1217020,6221234f17e6c851d061d0ee1b4c70c389a932fdbf8ad76033e61e637414f64b
bases/block_65_o.npz,1216978,4b488ae555ea60497700361dc37620b10cefef5367419131ba896e4fc5577c2e
bases/block_65_q.npz,1217198,d4f67355c5b3f9474b7e2e4ff1141033dc1d9b6ab7c45f1be53a424bafb3ab23
bases/block_65_v.npz,1216813,f949019314dc6ebf9fcf112815ce10dcdd57dc62e08c8d08537233098d512c52
bases/block_65_value.npz,2247834,c15a970bff5d44c414e1ee035d7da620b265422551f015653e66391205182b31
bases/block_66_down.npz,2248259,6cfcaea6f670acb08d51c8ab2db9f39115ca77b18020162d7f9ce8164103af10
bases/block_66_gate.npz,2247361,3e5505de5f8cc9be7f55b2952be7c151be56faa83010c6d192a1a2763b7ff1ba
bases/block_66_k.npz,1216900,18bc6f1822fe3a3e5d7d67142fb4ac61cb5794a78d8f4a18322e802498001038
bases/block_66_o.npz,1216781,cf7f249496599d842406d57c6f829818d7ffec36875a92975af458f089203bfe
bases/block_66_q.npz,1217011,bdecd10315129d145445477a37e3ba9c9ce9973f2f4161dc02b2b3ec2ad33de0
bases/block_66_v.npz,1216744,0698e52721bff405dc7eb96d4ca9b3f9e8967c655bec47424f057c371c1d56a9
bases/block_66_value.npz,2247925,d956124056338256daf423d193e47761af0a57768d7204cc643d624c81ad2704
bases/block_67_down.npz,2248585,87a9443abf2eb1c67279a3d74936d9706e2dfb320936afc6404ce2055555b45f
bases/block_67_gate.npz,2247638,0accda176d27fad894101dfe9a08432752376df04bd8b81c98c4150fa73a08f7
bases/block_67_k.npz,1217094,522616883708e20caf6e3d2e6856ff6a6c13feb647b4b0f0faa962ef6557215d
bases/block_67_o.npz,1216844,f427adabe6dac232aa53a4c4ebe762ba78232bfb859beebf8eb65ec6babb1aa2
bases/block_67_q.npz,1217117,0a9483fabec5103157cdc2b9b89d2843d10bcddf71b8c475c4e53d3e4b085f25
bases/block_67_v.npz,1216926,91ca8af2558e6113a14b5aa44dd6f936e8bd7aff7682e8d182bc73197e571b39
bases/block_67_value.npz,2248214,e19151e8102df78d0e67ef808e9c2d20bace706976f16f6196567fed057f0756
bases/block_68_down.npz,2248574,790ebd916fb13ff02387c37322e73b05be6cb7b098bd672c9812e1744479aa30
bases/block_68_gate.npz,2247683,916b15c3419a6b12b4ed8aee644e3debdb5f5efb0e5f38b02991e90e32f68514
bases/block_68_k.npz,1217271,675ff5a376921feb994b777e5e8a9a87e777859d7e8a60775d9c72f8c12d2df1
bases/block_68_o.npz,1216729,92b63e377c691405eaae863fc443f53a4742c5237dcd510d42402b2b2fc63e06
bases/block_68_q.npz,1217032,305f20811dad01805bc6af509f0bcb6984f34ab059425aa69f19f5f34e8a9b92
bases/block_68_v.npz,1216869,6e5207d73e4ee141349be5f364c472c010a284e4c59a0fc93985bcaa1277a9a8
bases/block_68_value.npz,2248417,93a31bb89948514de894eb681df53a7fb9f5d882195a12b8f54337ef94f5ddfe
bases/block_69_down.npz,2248523,437e92462176189bcb7d096f495a7a47d03b67a768fbfffc92b89ac7c6bc3739
bases/block_69_gate.npz,2247605,ecedfab17fd2eedfb8d768fef3f1c94ec920c84d96ab890b2a632263c43184ea
bases/block_69_k.npz,1217403,2673dc384ccd2106f7904ad973ee9077baeb098f9ebe69f64f336cbf72509810
bases/block_69_o.npz,1216467,5317476a171b68ed810bc39e339b032ad54317f94292f7d94d27d0252527b3c5
bases/block_69_q.npz,1217163,7888c5a7fb7d3edc8f4ae9b1f32b85faa8e8ac5d8e2359005c5832a1984b80c3
bases/block_69_v.npz,1217127,a6634553a832bc2277e24488b94366295fe6ccd96dc7cd99644efeb963c9e83a
bases/block_69_value.npz,2248406,ee3a7eba9a3b70b35c95e06e174ad72bd36b4ce64d6e6be32c11d7877dd4f530
bases/block_70_down.npz,2248449,106bee15bf9644f2dcbc3cf854d0ea218421d4650d1a58606609675c58ddddc5
bases/block_70_gate.npz,2247493,cc06780cd816f253315cd406fe9de7c9d6bd34eb73a39d19094fa9f1c2986cfe
bases/block_70_k.npz,1217398,1975f4ff86d257262e569ab936ada58cf1d755167cb2a16286311b0430488ac2
bases/block_70_o.npz,1217465,8b75726d5e82d4a19422f6024aefe708e8c5c5c63298af08991c60ca5ff27b17
bases/block_70_q.npz,1217343,2d84b66bc035b25b938ca8f67a7ee93247260578f035b43e806dbe55c6432c00
bases/block_70_v.npz,1217922,2789624c417cd14fecf48e7f0bb6a6f7a3ba1fb3e9832bb0dcdcb2cf76947486
bases/block_70_value.npz,2248532,195b10808ad794fdbe30a9b336ff7ce955ceca960d2903284b92e7467120d999
bases/block_71_down.npz,2249037,6feac8ea36903899d51817bc43074d167473abf79716c1e3b49556db7e3306bd
bases/block_71_gate.npz,2247741,a708c3e782d9b72c267df676a8749753b82fe0efb22f686f3a3a72c97a4c28c1
bases/block_71_k.npz,1217842,a90a1f03cf36c78025b7221681ca3480a5860c56392910f3ca343f347344c8c0
bases/block_71_o.npz,1217828,3d93e4a8d642a9fc55124c68c2ae6a7775c54151e8a02b8d8cf4d214a3dafaec
bases/block_71_q.npz,1217312,71c017b16d5c32efa8de086eb33c692b705e22198966e86e850e83877a9750d8
bases/block_71_v.npz,1217299,562caa9b765586ed62578666e73d221755735fa42f85c8cbbe81e6de155f8965
bases/block_71_value.npz,2249180,1df2732bce014f83487cf600968f4ff099294972634318bcefc08ccbcb55ea03
bases/block_72_down.npz,2249422,0fc3fdf2420baa2ca27f59a24200f0a3a4f8c12f21252ebe7f297628d97f8323
bases/block_72_gate.npz,2248980,086cfbdd424e5ea6c8db58947be329769262b56f5349792485fa3c00fa4c71f7
bases/block_72_k.npz,1217629,da39bb86b92cd2bc3cf77cfd565ab6173328b2ea294878fbea5ff290f291a394
bases/block_72_o.npz,1217316,67c63337fc474c6552665197e907daec0a6416b11b5caf3ab6cd38eaacf5210e
bases/block_72_q.npz,1217262,209d4f47d5d97aba7f1df864cd7ca793341bc535696d8454ecd9055a00294fc8
bases/block_72_v.npz,1217232,172a3832fc339a1df0ac7d6f7fccb8b05cf163b06f2c37139dd6ba75dda3c097
bases/block_72_value.npz,2249313,5edfc4363bd07e73e4ff7d06daa0007b2ab013b65e378ef323bd9d049be94058
bases/block_73_down.npz,2249619,ae0af5863e1a8c595183657e2adbcaa981973843cc6040a9781c30ca0de2a868
bases/block_73_gate.npz,2249294,186fe2f3e0f2f8a7a6e7833e9492e5b65df62c1c9159fbd4397eccf36f3689a4
bases/block_73_k.npz,1217764,a616551511f360d6eec381a27060326bdc271452224bba563c0cc50caf6e5e61
bases/block_73_o.npz,1217345,b8c45e41a786507aeedb6000ed68d2167fe72a3b9c9fc2051245d4d64f9378c0
bases/block_73_q.npz,1217605,33a49346e69ae299fb1d8e7e515f939fda58e7a1d6a925c947a25f6f6871f9c8
bases/block_73_v.npz,1217228,927af011fbf02f03a5ad28ae36390881f2312d714ac6868d0d866c8d33c120fd
bases/block_73_value.npz,2249662,7e39bdba74b2aa80f0d63ac976411993167371e1b6840cf5b9485aa44f887226
bases/block_74_down.npz,2250641,8d99b3bddefde0f7c888f706bac8a920794dfb5ba4125d6462cc4a2a678fa7ce
bases/block_74_gate.npz,2249513,7f3cf337041b8ff1faf79ea6f5fe8b381f37bb5b0e67c65c48c1552d5157214a
bases/block_74_k.npz,1218104,c21fc651ed52980a7832353d2d3d8c0fa576a19fb42faba5ffce943e025f062e
bases/block_74_o.npz,1218578,155b38806fc5310a344e77d32ac0571045cd0da7d2b2bd0289c49e169e4b48d7
bases/block_74_q.npz,1217570,73ecbe2ed559aa3642a8bb3320e1927a6c0ac221383e94e57f7c93db74b00454
bases/block_74_v.npz,1217291,500ae8b0d5f9254bb6b79702b01aed7f5d75bee3854c983477e6788a3bf41455
bases/block_74_value.npz,2250314,2a0eba17b4445d87049cae9042e3bc95b1f95204fcdf631a1aa8861b293e3c23
bases/block_75_down.npz,2251934,98209a9238818ff6c4759eb0002900cdaa238fd89ac73317da6801b34b121706
bases/block_75_gate.npz,2251414,c1d44d87f261fe6a053b9a46e8722bd3d2ecd4f4b5b7d193f73feaddee7308c4
bases/block_75_k.npz,1218851,7a0e260e77456d9dfa98def48985a36c3e8c9f8c0758d86736f5cdc4eebb22a0
bases/block_75_o.npz,1217761,714a3c8e42db313a24ee82101a6d55e22bcdfe492553650b1c6c81d55abca4f6
bases/block_75_q.npz,1217501,abe2833afc8ff24b903ca69ee0ed5d1acd0af34c293262d9699397c3f81e6a95
bases/block_75_v.npz,1217773,5986e717af46b3499ccc017f7b7353058d1fefa6c10449938a7fc50d105f3ac5
bases/block_75_value.npz,2251942,bf6cd15d6a18dd2fa3a9218a1a24aa598a42d0814a600316f3167d4bac26271b
bases/block_76_down.npz,2251888,017daabb88c9a66c598310853c81e6a4694614b6607ba2d4712b9a8f77f0b6e0
bases/block_76_gate.npz,2252578,24b68a97b7862a56d5d607b2b6c29e11070d1af469e15f47ab606db15555d714
bases/block_76_k.npz,1219361,53e032138ee35d574ef0e8e594e4b9391af3be85c2e01784c5212a03a1d02e8b
bases/block_76_o.npz,1218383,17cef01d7acc390a019d9009dea12f70ddfc8035b69ac1a13b7cae0c850d731c
bases/block_76_q.npz,1217570,af70576d9030375f66c6fc7edaf6ccf07b0917e9b1df6779b0c7899244d7df93
bases/block_76_v.npz,1217641,af71cb286c3cf99b5011823f9966f67ff8feecbc4fdb00e02d804da8b8962062
bases/block_76_value.npz,2253237,2b324044cf0903ae556d97c8c1f0c3f8ec09ce7120c0d077631bae65e6ba8cbb
bases/block_77_down.npz,2252934,31f02d82ea410b1f350f29502b49267db8f113def333de8d1206362445233683
bases/block_77_gate.npz,2251388,6eed48bfad31e8169b113cc444af0c7f2ac60e3b0ce9d692a4b5073f9aa76b5c
bases/block_77_k.npz,1219360,e1bc0681a0a626a15e7b2165043e50d2e0bfb9636d4d3dce4d8ef97eb171a3b1
bases/block_77_o.npz,1218177,175e9c3c3b6389cef379d737eecdf0dc6e621ce6b58c2b4d28b99aa384a6e218
bases/block_77_q.npz,1217851,ac67a1b8191944ee97bb010234d209ed9c021150fc436443bd3500480c808c6d
bases/block_77_v.npz,1217837,d22ac6b83b0c7f65229064d84d0a3d76d6996a077ba8c5d055917f6e65b8c2ac
bases/block_77_value.npz,2254688,83c04889523cfbb7ece773f486cadddecf8c8f6f11403b9ce4a981aceb8f7ac8
bases/block_78_down.npz,2252773,09fce71af2904070fb13aa8987007736668df37fe016e945c623acac7322b825
bases/block_78_gate.npz,2251417,da8447dfc137784555418512b8895272e9469a3ff26843b35e1ff54298f66a2a
bases/block_78_k.npz,1220419,efa1fa4cba9863049fac52d18a1d15cd82ed6a608b752969970f4031b0aefff2
bases/block_78_o.npz,1217308,89cf6cfae597b84818e334ff41483c5a03b31e29346adfeecece5f0801d349f1
bases/block_78_q.npz,1217829,c4a5a66eceec1b079f1d8e364c90b120a02fdd5a8ed8c6752334573b30e9781e
bases/block_78_v.npz,1217445,ba8e749c0dc852c2916437353557c1d5073c99a9a51f16cb7f845b99f8673f96
bases/block_78_value.npz,2254215,6e3f9a1eea5294b46ec2f8738456cf0a701731409ec4d70b6e7b3477aac0a93e
bases/block_79_down.npz,2252499,ae9bcf072b8f5c73d5b0ae6d0e858d1a00e3dd45d24471fdc0fd61e336248f6c
bases/block_79_gate.npz,2251655,53fd7fe98bd80e758a22208fb0947597dde3a7b12346d883a6271fafdd7ea01f
bases/block_79_k.npz,1220160,7f7562b124ecdf40e4307fb00aad903496fce33b2e5b92c68ad38f4effd27747
bases/block_79_o.npz,1218268,d2423cd9cd83a76081f9f1aeaa4d6ffe947edc7fb1ab1ab051a2948b7343bd8e
bases/block_79_q.npz,1218025,967f4e25ea49262120e3c797c5b9a87518300c47530cf58eda553fe4a46ef95a
bases/block_79_v.npz,1217886,057b805150c217d88751f0f4b8a2f35287299912a3082e800223a317151fe02b
bases/block_79_value.npz,2252613,8d06601fdc4ab6b8951547b96ed3c38dba4943e448c76667f86b0026f49f0dac
compression_pareto.csv,407381,ef7e48c875ad4ec3b7f886863a4e72243c3f91bae021a6da2b8e997b4932cd4a
data_quality_checks.csv,2712,913838e08f174800b6faeddbaf31dc1b5c965d8dab4a1a965d333151a6505c27
deep_dive_provenance.json,4774,9cb8a293839317bd5bc5552faac64d272c4ba0904b152e1b4d67bd26d4daf2de
derived_layer_anomalies.csv,115619826,
derived_layer_metrics_long.csv,54052259,
derived_mixer_correlations.csv,22767343,
ffn_neuron_summary.csv,232479,8c7f977575ba3c931ee8fb9cec7323d15494cd05dce3bba57f1db98d9cdaadc2
ffn_neurons/block_00.npz,184664,cf1630da4701bfe4f0ac6fac9f1acf80abce074c1498a1c8113343b46ffeaa70
ffn_neurons/block_01.npz,184931,b39bb0112bde5f854553fdb2ee5c8b472e885a5ea85920ee1daf8caafe9a6432
ffn_neurons/block_02.npz,183585,be2961891e27d33133d4253699a02adf5df3781a3eb53ce567257622abe971a1
ffn_neurons/block_03.npz,183359,c50494b486b7b62c4cfe8cf11f80d1f8c72246ec039085d70de8a0e490dfa134
ffn_neurons/block_04.npz,182671,c907c2cec6a7127a6dc282ece4e621acfd035efea3b1a071578ad65e02f881a1
ffn_neurons/block_05.npz,183014,09814053f50130b53a0041d07662df6ea017e2b9fa3716b0da6f6d7ab2957075
ffn_neurons/block_06.npz,182304,be1b8dcf6b6787998a6cf24ea062fec12ad841fe850265550fded6ea5afd024c
ffn_neurons/block_07.npz,181098,1b38b02a7b38dec4761df7d6d81ac3144e792478c4c660a57d7261316db297ce
ffn_neurons/block_08.npz,181019,f699148f8c6cb2a64de293403d32422b4923248b18519de395de78a71c2a64e0
ffn_neurons/block_09.npz,180474,fc6239fb3a6c67791a318ecda05ecd4dd6f61828245558da0f15519866823cae
ffn_neurons/block_10.npz,184288,f96e1c9f73a8e63ae5010008cd1369619d90663baedb91389e4119805d4aef7c
ffn_neurons/block_11.npz,182183,b2605b2948bd1b2088a55b54b3ef29601c18375fe2c4c2b7e5b1424503281267
ffn_neurons/block_12.npz,182463,11016da4928c499da6637c19a21745292b365fc3adaca973049e4cc45411696e
ffn_neurons/block_13.npz,182523,cc1e945561a200605854bce59022b40dc2535823db60a41d15a01ec3f61ff096
ffn_neurons/block_14.npz,182383,33a54fb13a020f00096ef62352265e751ac9eab4e7e35afb8ae67a6eb4fd8724
ffn_neurons/block_15.npz,182840,d93be75323032f0dd39c13769209713409d8948b3764d73212805265c7c7501b
ffn_neurons/block_16.npz,183606,f3b03fa69e5fd4ba5f28aa05b9ec51eae52fce81e7250fb86dc5d02f259e8fe1
ffn_neurons/block_17.npz,184387,83fdbdf3c2cd58d35e39a5323423da52f31f5d91af515bd0e8110a7829d8d4cd
ffn_neurons/block_18.npz,184166,e3dea360a44245649b3234f9c1ea6adc6a0ee260701d439f64728be578ce5dde
ffn_neurons/block_19.npz,184056,8de0dd30f72a93a5e63868b4ce5d723ed4531045c2c17aa8759572ac4365f9c6
ffn_neurons/block_20.npz,183809,d8c0ea5101b6965c28419850a6fb468ca421dc9814ba08c1f407bb619a70f728
ffn_neurons/block_21.npz,183958,8a0cbf42bbc0ae1d7c85e712a3fcd31eaff3f8628f4fdca118774db62be768f9
ffn_neurons/block_22.npz,184410,b98711606e9f1e83f36b1a42eb8ac32362e9cbafdf2ebeb0d83600a455ca056d
ffn_neurons/block_23.npz,183986,8d26db11d261f033f7e44480fedb338cca2f5b1d2f3354a65f3e2de77aeaca15
ffn_neurons/block_24.npz,184220,2267a4829cfc2eda93cb83b921997d38e25b31ec929a842597cfb6b0cc57e482
ffn_neurons/block_25.npz,184222,b101610294f2da6bf6a7c4a85ed829a98fa96ad244874bf335ce2c4440476151
ffn_neurons/block_26.npz,183787,3f354480c20d771751df00a7e5682e810066f1767b5b065fd623464c97326269
ffn_neurons/block_27.npz,183430,892da0fbd882ef2450b25c92161fe4d165c985faa269844f53718bbf36038235
ffn_neurons/block_28.npz,183782,59c47c5acaf7ab261714d5fbe0b511c742712db920291974c71af442b1a16ea3
ffn_neurons/block_29.npz,184081,f05c94da1fa5e4c27cf4882d9f713b917c9859ebaf4d9c1ee0fb0cc3992eda8c
ffn_neurons/block_30.npz,184309,94bbe6441807b27523b158b8b24b3ea31206be71ba64e7d555173da096bf53a8
ffn_neurons/block_31.npz,184189,ae1ca02d93a68cd2fb89df26f44c1e43447f8a7117edb6deddabe0673d6b255c
ffn_neurons/block_32.npz,183725,c353a855c305e7a49a34d98dfdcaaaca61980b8197698cdf299680d20c5e821e
ffn_neurons/block_33.npz,183102,6876e995578a8c56148c66256a69e62d0f9cfb366dadac438c52ce1b76e962d5
ffn_neurons/block_34.npz,183005,3f462eb8887ec7d446f17e3f732d408f98604593afa4978a93e24e6d81a69260
ffn_neurons/block_35.npz,183300,6f646cecfb5a35343c04ca4523d4dadfde14aabd597493b17bad9bf898ecf952
ffn_neurons/block_36.npz,182220,44e4a866c903a9b23e0eef2889c1baa675e170f25c7f08dc962f5683b09168b3
ffn_neurons/block_37.npz,181318,7658789a9566cf0fd22cf6820bec4e885ea8aa272f6c41429862b6a1a4ff1b1b
ffn_neurons/block_38.npz,181174,8e49349d219edc777edac4f18d147284506aca9a2599eee5d719f7eaac888964
ffn_neurons/block_39.npz,181265,a6d357c01932138fa42d17ba0c9a79e99cf39d032ce8f9b82e16a0c55b1ca203
ffn_neurons/block_40.npz,181106,2edd0c27cde98553488bea52f43a59a49b792498905d068d0524076e03451cc8
ffn_neurons/block_41.npz,181062,460a557f8ce9417bb16d6ba74ed14544344deac17f1d9fbecd729386a7a6a54b
ffn_neurons/block_42.npz,181471,ceee856086635ec94e0ea33e98f9cd9ba5611966f6c0d9c327721d4f9088461f
ffn_neurons/block_43.npz,181219,1bd6630563bf8c74f40a641804f269ac5c9fcd4fb955cfb9f12e07241859b794
ffn_neurons/block_44.npz,181317,921c9bbbe952cc5672b3e307a69b6796a7da12db66aeffecb74e673b7764cb9a
ffn_neurons/block_45.npz,181374,ecfcb379a31dbc6be10effc8201a260f3b56eb7a5b2c16afa96fffbc29ec6d57
ffn_neurons/block_46.npz,181941,2d6e751d8f50b5e1723d571a7e389a838bc01fdd18f31b3a2adf4d2ff5a91e38
ffn_neurons/block_47.npz,183973,a08dd90e2e60b22d99307fe7f89784f318fa34f2b53bcc5b9da9b40e714c4720
ffn_neurons/block_48.npz,182562,881f617dea2f8ea31e74b192f5fe5f5ea6e8cb1b74a798f48648f3c726365c9c
ffn_neurons/block_49.npz,182174,e5954eba4fcd35637f53470d979877919be89346da8d67c07942db80086de686
ffn_neurons/block_50.npz,181477,47e376b899b6cdd6face58d7d0624e0d8031a312f6a67af857162430483cef9d
ffn_neurons/block_51.npz,180133,961b853e4eabf9e9ecfed7c5445390f6fd7a36547d0967963402dc0b2ce7fafd
ffn_neurons/block_52.npz,178989,e8b2691aa261125a0a9c40a7ece20a7baaefaf8d6c6dd0662e2ab4e794a8043b
ffn_neurons/block_53.npz,177541,912595a877caac10d3b87fcbfbc743b706a3f0b2102f325adc2bc4b848a0d825
ffn_neurons/block_54.npz,176849,3877b68776e1f1c66f8e9ddac61ee6aae9db87a3e0cfd60e7ff27b1df2377750
ffn_neurons/block_55.npz,176722,2a4af6f6c4723313f3898d32695b71f6ea851a607b126d4307f697ce54a90d83
ffn_neurons/block_56.npz,175820,4aee1fa9af8da7140170b827201cd4be858f4d75c030258b559ce370fb396df0
ffn_neurons/block_57.npz,175850,9e374b5256e58bad432d71bb09db817c45a059d8d565c017f1fb6eea86217ec1
ffn_neurons/block_58.npz,175517,83d173696411b9e84f7366165e26ca0386284118b072bb01384190aa8d9a50cb
ffn_neurons/block_59.npz,176359,b7493374514aff7a8db199405ed17dc19d9d78823cd89ed9803014a74d9e0b01
ffn_neurons/block_60.npz,176455,8077db22218c77ebf9a17c4cd32310b27ab2a061e42702f58af2c01223ccea77
ffn_neurons/block_61.npz,176225,597e81cb3c721d49eddcc9bfcc008fedf5728047663045649188ac63b808a7ca
ffn_neurons/block_62.npz,174646,74009ed7a9ccb9892c19f60e7eb390ac4255aabda19f33fd0ccf3aeb2470ff4c
ffn_neurons/block_63.npz,174355,1c2961e70213a9cd698fc1a650c94358f1a0f6544e939d0b26229bd263949141
ffn_neurons/block_64.npz,173562,10b0ad40e383d0cbc48f032a0ae3661f87bcac1a062b3ef53c20cf81e0072d3f
ffn_neurons/block_65.npz,173310,e6292d581a04b98e0874bec02e3b229550eb606beb3e73afff0526a05c6acdc3
ffn_neurons/block_66.npz,173328,487743007215ba8a6e08e85ffc82edaf8be98b923651e1be6bc106267a8a0145
ffn_neurons/block_67.npz,173477,838e8c2e590e16ff264bec95999201bc24e44a142894679558a615036ca04607
ffn_neurons/block_68.npz,173687,d6b3871a725df3fe754badc87cbb1785ff8ac375bc7d93c1bf956b93b33d573c
ffn_neurons/block_69.npz,174087,6cfb2a58a58935bae9d71408ee14eb35bc0e156b0f4d65d687bdc8c7d5e55de5
ffn_neurons/block_70.npz,174914,e3b2409aedd198c5433151de206b070c0a33b08457bb8ea67c8504519fa56577
ffn_neurons/block_71.npz,176398,441d75b74022381cb441d5f1a4a518d5c3ac6453c8f7b6eaa96009d4c0c114d8
ffn_neurons/block_72.npz,177535,6f1375335b82dc86757858eac3056f95b422636cc65bbe220ba480005b8e0fb6
ffn_neurons/block_73.npz,178948,ecb31a2281e821af091799f6d6a9b07d0d05b5542d0d735922f8228780ff585d
ffn_neurons/block_74.npz,179872,8f025df0d254ef7d618c59de0789157d49b36ffb35f2ad3dbd18a301329fc4bf
ffn_neurons/block_75.npz,181330,e0cf3b82a7bf738b366e003405dcec9ba203aaf376f251cbc9c30b873383c185
ffn_neurons/block_76.npz,181981,d23e417516130d13df2553bb48e7cabaa9e76ed74ab87d67f373cb8fb1a11185
ffn_neurons/block_77.npz,182473,c8278e9c49fcae6484edede8abcebd62cf948d920344c4a96244c08d5b61a360
ffn_neurons/block_78.npz,182177,5e8115558c8031b7260823db724c5f26d962f80ba1c167a949ea5fa9fa2b7d18
ffn_neurons/block_79.npz,180674,2305307da793d2a8c224b841af5c41096b023ffca039f6cda2e6b21b280cf4ea
field_dictionary.csv,57217,8a4207380e2f8b71cc02f10709c1fa582e1cae6c9b4aa22c27a72fd36e32ed5d
figures/layer_omnibus_anomalies.png,228226,d84552f0d51c66fc6e40b5ae3df0d3b5e93fedfbc26f8f877a7fb7a51dd55588
figures/raw_parameter_profiles.png,671835,54efac3411f6119f09110dd04ce8f87c546433b6d68c06c49435edef14f4ba7c
figures/spectral_shape_profiles.png,980555,e4d3bb111d283dbaf88ff076a1ce3e0c1b6294c341a2afe2f9de81b62460b562
figures/trajectory_speed_curvature.png,714612,bd362a361fa1de330c4d468693481a90b7c3d871a449bdb23a94c0461e8e7a96
layer_omnibus_balanced.csv,89860,7ff01a3704a280988e88adc73325cdf59c3eb5a481674045ef505abc6012042b
layer_omnibus_scores.csv,132975,6fb4e6f06dc436850e4255cada23c8043753c6c802d63754f80213ec12960c48
mixer_profile_pairwise.csv,1215,86a5aaf3cb7df6b35c3662f401804c0abf7f88955e3906d89445b177dfe13d9b
mixer_profile_summary.csv,1240,0c1b3b4e1ce5a8e24a72f011cb5b294b52c00a55c2c457229c672fac2b67bfdd
normalization_adjacent_changes.csv,52572,cbaaa8413597cfb6cafe040a8ec03e6ade5a60059644ffb0cdce3829de15475f
normalization_channel_depth_metrics.csv,3350971,20bb52708cc0b881132085064539d122450325b4c9692553f15b5a4bb8af416d
normalization_cross_role.csv,96772,ad003960de2bfe68da19f77924f783caa5f12d81de977f87e8f79e0cd74338dc
normalization_vector_statistics.csv,191712,568134ff0acc9d6571de35040547804e2bdf1b20573a164c41128018086bcb02
normalization_vectors.npz,4411605,8cd63f7285bde23049a035b9877cda90901af1e9a4d527e02969f1490f69ad50
output_array_catalog.csv,463138,3ff9c19d33fd1b597f16f1f238f79424835fd61dc6948d3374d5aab29f23b603
output_artifact_inventory.csv,68420,4da55c022171e3a8b9cee956f68e1e81d6a339d420d06a49d5c2780339f8dc2c
output_data_quality_checks.csv,5722,143eaeaad3abefa3fcaaa27a5c92492a50d4ab6b5e28eaea85a1164ada1834cb
output_field_dictionary.csv,260209,7ad80867a5e77d31a3ba6aa3416971b9685d49dfe68d743adb0c272487dcc7f0
projection_alignment_randomized_svd.csv,2853735,1f26490fbc9db60583a14a88083bdcadaf7ee54eb7eca15662e7faf2412f498c
projection_checkpoint_pairwise.csv,17040,27c37a80dc38f02da29dee60ec9d808d8b17d98998f24131b9819e8e53b6b972
projection_checkpoint_statistics.csv,15080,cf202f1847a352da0e55402a792a936b918abe70c58466d446a0ea18662ae3f7
randomized_svd_sensitivity.csv,41270,f5c970cdad7da2d1f7f0c38ae04a6a02fd7ed24f14cabe4a39c140c89f4b505c
raw_tensor_statistics.csv,940530,d7252dc66e8cdb1b059a99ad581c761365fece1189e3f98666f24f33cbcead16
spectral_shape_metrics.csv,1744194,0e40ed85327c63b0843d9137cefe18b0350c18b81431b4afa2a83594965f7e25
trajectory_coordinates.npz,353487,db63e08e41062004c2068c1d4ecd02606e2d675c02fc3bc9ee0d2d7c112a5ed9
trajectory_eigenspectra.csv,36164,29658eacbc6201a8ae3ac33a2a65fa2c6405c284268e1167aec0367e83ce1212
trajectory_local_geometry.csv,228919,5e00e8321c841543dbfd4467802935fa7e91dee80adb19caab4cf553b7ba2bb9
weights_only_deep_dive.ipynb,101584,c62eb3891ee6d164e36d54eceae869b94c89332f429ddb751297bc37ab6669d3
within_block_subspace_geometry.csv,916261,1ad4eb5b9bfc1698cec105399b98ef404e60d38889fa64accf9cf4511b4f5e2a
